author,comment,publishedAt,likeCount
@BudiEdiyanto-v1m2c,Udah UFS atau EMMC?,2025-11-03T07:06:26Z,0
@Greenalways68,Nonton ini di bulan juli 2025...dan pake a52..beli pas baru keluar..emang bagus banget sih kalo bet video..jernih banget❤,2025-07-09T15:09:36Z,0
@muhammaddendy3813,"Gensin masih lancar 720G kategori lumayan , yang penting tidak FC forced closed .",2025-04-02T13:46:27Z,0
@pawon9294,Sayang banget..kualitas lem backdoornya sangat jelek,2025-04-02T13:00:34Z,0
@irwansyah1787,"Min saran saya mao beli,bagusan samsung a52 apa redmi not 13 5g",2025-03-09T12:41:27Z,0
@tfhzero8817,"Lowlight a52 sama a52s, lebih rekomendasi mana kak?",2025-02-25T09:26:48Z,0
@PipitWulandari-hx4jk,Semoga kebeli😂,2024-10-14T23:11:28Z,0
@yanzz5244,2024 masih worth it ga bang,2024-06-21T06:34:07Z,0
@Wilda-u3x,Camera a52 sama huaweii p20pro bagusan mana?,2024-06-04T12:24:48Z,0
@BakirBakir-x5z,ma huaweii p20pro bagus mana om,2024-06-02T12:22:45Z,0
@mulisfaizar7790,"Saudara A52,,, samsung,,,, model, manis, sekali, warna,, tempat, kamera,,  top,,  Samsung",2024-01-11T16:18:45Z,0
@mulisfaizar7790,"Henphone yng manis,,, keren,,, wow black,, samsung,, mantap",2024-01-11T16:13:41Z,0
@Thedevildark999,"mau komen nih stelah 2 tahun arah ke 3 tahun bentar lg nih saya beli hp ini sampai skrg msih sya pake,, sempat beli a52s gak cocok aja batrai boros dan panas krna chipsetnya 778g bukan buat harian tapi buat gaming, a53 prnah make juga agak kmahalan sih klo cuma ngandelin kamera layar sma speker doang,, jadi ksimpulan sya pribadi a52 4g udh ckup, nah kcuali daerah lu udah bsa 5g terserah lah mau ganti yg mana",2023-12-16T01:20:50Z,0
@rockhmanjuventini5307,compare ama vivo v21 4G kira2 bgus mana om,2023-12-15T12:29:57Z,0
@Numb-LinkinParkhenbodi,CRYSTAL PALACE,2022-08-31T05:08:32Z,0
@Numb-LinkinParkhenbodi,TIDAK AKAN MENYESAL MANCESTER UNITED Kh Gani LG. bjb1234567890qwertyuiopasdfghjklzxcvbnm,2022-08-31T04:59:27Z,0
@Numb-LinkinParkhenbodi,MANCESTER UNITED LG,2022-08-31T04:57:28Z,0
@Numb-LinkinParkhenbodi,Oray55sapiA52menang,2022-08-31T04:53:52Z,1
@Numb-LinkinParkhenbodi,MANCESTER UNITED,2022-08-31T04:54:37Z,0
@Numb-LinkinParkhenbodi,MANCESTER UNITED,2022-08-31T04:55:54Z,0
@Numb-LinkinParkhenbodi,TARUNG DERAJAT SUMIATI bjb ganti mesin 11 jadi bank A52,2022-08-31T04:49:43Z,0
@sogeking3806,Alhamdulilah nonton pake samsung a52,2022-08-12T02:19:59Z,1
@drivermuda8163,"Bismillah sekarang masih pakek realmi c15 ,, insyaallah 3 hari lagi beli",2022-07-03T16:28:39Z,1
@zoelcute8275,udah punya alhamdulillah,2022-06-15T13:41:23Z,1
@roadman8085,A52S tahan air juga ?,2022-06-08T20:42:40Z,0
@KazumaPratama10,Bagus tapi kemahalan😂,2022-05-30T02:09:28Z,0
@krisnamaraja6649,Mau tanya kaka apa samsung a52 nih ada  dual video nya makasih,2022-05-12T06:09:59Z,0
@muhammadshulthonsuryok8002,"samsung a52 ama iphone xr bagus mana ya suhu""?",2022-05-04T14:50:59Z,0
@Fididoaibu,Kameranya mengerikan.. cakep,2022-04-29T11:35:28Z,0
@arifwibowo925,Baru bisa memiliki🥰🥰😅,2022-04-29T03:06:20Z,1
@natsudragneel57,Samsung A52 support 25 watt tapi dibg 15 watt charger....🤣🤣🤣,2022-04-06T14:07:18Z,0
@kaskasih1007,Alhandullilah sudah kebeli baru 2 hari pemakaian. Semoga yang menginginkan galaxy a52 dikasih rejeki lancar,2022-04-06T02:35:16Z,3
@InfoPenginapanPangandaran,"4,9 ?? Saya beli ko 5,5jt... itupun katanya udah di potong harga... apa saya ketipu yah ?",2022-04-05T14:38:25Z,0
@priacokelat4782,"Mengklaim tahan air tapi kalau hp mati kena air garansi service tidak berlaku. Aneh..

Hp saya a52, awal"" beli tes celupin ke air masih aman. Tapi muncul notif ""terdeteksi kelembaban"" sama ada icon air diatas layar. Sekitar setengah jam kemudian icon air diatas layar hilang sendiri.

Selang 3bulan, hp saya jatuh kedalam akuarium yg dalamnya tidak ada 1meter. Tiba"" hp mati total, sekitar 1jam kemudian tak nyalain bisa nyala. Tapi keluar notif terdeteksi kelembaban dan suruh dikeringkan dulu pakai kipas angin. 1jam saya gantung didepan kipas angin, dan bisa hidup lagi.

Lalu selang beberapa bulan. Hp jatuh ke ember berisi air, dan hpnya mati total lagi. Saya keringkan gantung didepan kipas angin sekitar 1jam lebih, tak nyalain tidak bisa. Lalu saya bawah ke samsung service center. Katanya rusak dibagian lcd+mesin+batt+sub+ctc dan tape. dengan estimasi harga 3.200.000. Saya tanya bisa pakai kartu garansi atau tidak, katanya tidak bisa karena kerusakan disebabkan karena air.

Dan akhirnya hpnya nganggur tidak jadi saya perbaiki.

Jadi kesimpulannya, jangan percaya dengan embel"" tahan airnya.

Sekian..",2022-04-01T12:17:59Z,0
@CANDRASHINCAN,Mau tanya menurut Abang bagus Prosesor Exynos apa dimensity apa kirin. Dari yang bagus ke jelek🙏🏻 mohon dijawab,2022-03-23T10:03:54Z,0
@nazriel8018,Ati karep bondo cupet😂😂😂,2022-03-13T04:39:19Z,0
@FatmaWati-oj4ue,Alhamdullilah uda punya  😍,2022-03-11T14:57:07Z,0
@diaryimam.s7217,"Hp gw lg di service efek kemasukan air. Ip67 gak ngejamin tahan air. Cuma di awalnya doang tahan. Jadi kena biaya1,2 jt di samsung sercvice center",2022-02-28T23:17:33Z,0
@premium2bulan859,"Mohon bantuanya mas"" suhu handphone minta pendapan ,samsung a52 vs Vivo v23 vs oppo reno 7 vs realme 9pro+/biasa ,bagusan yang mana ya wort it yang mana?",2022-02-19T15:47:22Z,0
@nabila1850,A52 apa ada smart view nya atau sambungan nirabelnya,2022-02-16T22:47:15Z,0
@arifexo1761,Ada...,2022-02-20T12:51:20Z,0
@hijrifaniardiansyah7361,"Kak kalau taruh hp di motor atau utuk liat gps otomatis kan hp bergetar ketika jalan rusak nah,apakah fitur ois stabilizer kamera nya tidak akan rusak?",2022-02-16T09:13:05Z,0
@nazwanuris5151,Masuk sini karna layar retak + tompel,2022-02-10T00:48:00Z,0
@abdulmustofa1231,Sama samsung A52 S papa beda harga om,2022-02-08T01:23:15Z,0
@dandi_suwandi2346,"bismillah,gajian Nnti Beli ^_^",2022-02-06T17:33:19Z,0
@juliansyah117,"Bang saya baru pake samsung a52s, terus pake headset kabel, lalu ada icon headsetnya, nah pas saya cabut iconnya masih ada, terus di notif ada google voice gitu, saya hapus kan.
Ehh malah ga ada terus icon headset nya setiap saya pakai headset, bagaimana ya bang?",2022-02-04T11:42:18Z,0
@mahnitasari2980,Baru baru ini diberi hadiah sama suami 🥰,2022-01-29T13:28:19Z,0
@hrrobith,speakernya enak banget,2022-01-27T08:01:50Z,0
@Nurulproject911,Kayaknya cucok buat bikin video youtube,2022-01-26T16:34:04Z,0
@pirapatkanawut514,Akhirnya bisa beli juga 😭,2022-01-20T09:20:47Z,1
@nofaaelah8493,Kamera nya ok gak,2022-03-30T10:04:24Z,0
@pirapatkanawut514,@nofaaelah8493 okey kok,2022-04-12T16:52:25Z,0
@MelodhiandraChannel,"Knp ya pas masuk aplikasi shopee tombol back nya gak mau berfungsi, itu hp nya apa aplikasinya ya kak",2022-01-16T02:06:22Z,0
@susanwags4959,Kameranya emg bagus belum coba guyur air lgsg cuman ga takut lagi kalo kehujanan hahaha,2022-01-15T10:16:39Z,0
@RifkiRani4,Sudah pakai A52S memuaskan dipakai,2022-01-13T10:53:57Z,1
@tumbuh-tumbuhanchannel4299,HP ni the best…,2022-01-10T14:10:21Z,0
@Nugroz99,Akhirnya bisa beli ni hp :),2022-01-06T03:39:08Z,0
@five3there,Baru tadi bisa pesen Hp A52. Lagi menunggu Pengiriman dari samsungnya langsung. Tidak sabar kedatangan Hp A52 ya 🙂,2022-01-05T15:44:29Z,1
@calonmayat9181,Saran untuk cowok lebih cocok warna apa ya,2022-01-03T02:50:27Z,0
@muhammaddanu4107,Hitam,2022-04-05T09:08:45Z,0
@huszenm2162,"Alhamdulillah nonton dengan Samsung A52 yg 256.
Emamg kualitas gak prnag di ragukan lg dr dulu klo samsung... krna samsung lebihh mngutamakan Kualitas dibanding Kuantitas.. gak kayak brand² yg lain ....",2022-01-01T23:19:05Z,0
@abcdefgh4761,Gimana kak pemakaiannya? Memori Samsung aman ka? Katanya Samsung memorinya suka penuh?,2022-01-10T00:54:22Z,0
@huszenm2162,"@abcdefgh4761 Alhamdulillah si sepanjang pemakaian di saya memory biasah2 aja .. padahl ya sering buat video2 ini itu.. apalgi kualiats kamera dan videonya... mantap....👍👍👍 no coment...
pokoknya samsung brand terbaik android klo mnrt sy....",2022-01-10T01:36:25Z,0
@rezozeres528,Tapi belum 5G ya 🥺,2021-12-29T07:05:03Z,0
@rudianto2027,"Klo mnurut sy 5G blom di butuhkan, skrng blom merata, klo 5G sdh rame tipe dan jeroan HP jg menyesuaikan dan beda",2022-01-14T00:14:48Z,0
@fitripcc3651,Alhamdulilah kemaren di beliin kk ku hp ini kerenn banget,2021-12-27T07:26:02Z,0
@AzphenPalopo04,Bang...tahan air...apakah air asin tahan juga bang? Mohon pencerahannya bang🙏,2021-12-23T16:29:09Z,0
@gadgettipsandtricks,Bingung ga ada standar kamera lowlights,2021-12-22T12:45:30Z,0
@jackakurniawan6300,"Barangkali ada yg minat
A52 8/256. Kondisi baru resmi
4.8jt",2021-12-17T12:23:59Z,0
@sucirosmilawati1006,Samsung a50 a51 udh punya skrg ada lg gak ada hbs Ny 😀🤣,2021-12-14T12:14:52Z,0
@miaowchannel5354,Masih bertahan di samsung A22 4G,2021-12-12T14:05:28Z,0
@alwantots1256,Hehe setelah 7 bulan baru kebeli,2021-12-10T03:27:36Z,0
@imamsa6069,Betul saya juga paka a52 pokoknya tidak mengecewakan,2021-11-19T22:33:09Z,1
@upinipin5189,Ya allah,2021-11-19T10:30:30Z,0
@singtepuk8829,"Bang itu zoom kamera nya bisa berapa kali zoom?

Bang jelasin langsung zoom nys brspa kali",2021-11-18T21:00:57Z,0
@skygames4k137,Kalo yang pengen beli samsung galaxy a52 mungkin kalian ambil varian 256gb saja karna tinggal tambah 400 ribu loh,2021-11-16T22:53:45Z,0
@muhibbatululya1619,"Hp impian
Pengen yang awesome violet
Semoga secepatnya ada di tangan",2021-10-29T04:06:02Z,0
@sutrisssnow6174,Alhamdullilah udah kebeli😊,2021-10-11T11:47:40Z,0
@rahman_-mn1eh,Semoga tahun ini bisa beli samsung udah lama gak pegang samsung.,2021-10-10T14:47:18Z,0
@claudianikka,Uda beli couple an sama suami dan syukaaaa bgt sama A52.. terbaik bgt buat harga segituuuu.. 256gb pulaa 😍,2021-10-06T10:34:34Z,2
@yuliaandari5134,"Pgn nanya dong kak Samsung a52 kamera depan nya udh d sediain filter"" / efek"" bawaan nya gak? Jd selfie ga natural aj gtu.",2022-02-13T07:48:24Z,0
@claudianikka,@yuliaandari5134 uda ada filternya bbrp disediain jd lebi estetik n ga norakk.. tp klo mw add filter jg bs tanpa musti download 360 etc.. jd lebi mudah,2022-02-13T07:57:32Z,0
@yuliaandari5134,Oke makasih ka info nya .,2022-02-13T08:04:47Z,0
@davinewinarta1450,"yg a52 5g nya, gk masuk indo yaa",2021-09-29T23:45:10Z,0
@SonFriza,"A52 ya, mmmmnn....",2021-09-29T15:13:20Z,0
@galih060,"Akhirnya memutuskan beli yg LTE daripada 5G
Selisih hampir 2jt dibanding yg versi 8/128",2021-09-29T06:10:02Z,2
@charlessiregar1115,Saya beli samsung A52 dari eraphone banyak bonusnya,2021-09-28T01:57:11Z,0
@Rezifajri,Aku masih belum berani bawa nyebur 😀😀,2021-09-24T08:15:39Z,0
@TriySofit,"4 bulan pakai ini, emang suka sama kamera sih, batrei. Hehehe.",2021-09-23T05:56:55Z,0
@kennankurniawan812,Batre boros ga,2021-12-12T01:57:05Z,0
@TriySofit,"@kennankurniawan812 kalo buat seharian full layar aktif 9jam mampu. 
Kalo standby bisa 2 harian.",2021-12-12T02:01:20Z,0
@ASIAN_BAND.,"SPESIFIKASI SAMSUNG A52.S

# IP67 anti aerr guys d cuci bisa
# Layar amoled 6.5 PASTI tajem
# layar 120Hz pasti smoth
# camera joss lah.kaga ragu
# chipset snap.778 enteng game
# jaringannya 5G pasti ngebut
# ram bear 8/256 bisa d plus
# dual sepeker stereo besar kenceng
# batrai 4.500 stand pemakaian
# ngecas penuh cuman 1.5 jam cpet
# Ada colokan headset juga bagus
# Dan udah android terbaru.woke
# soal utama desain udah joss jos

Siapkan uang lalu belie deh😁",2021-09-20T22:35:54Z,4
@dewa_clar7396,"nyesel gw beli a52 baru seminggu kmrn,varian 8/256 lagi, 
masa baru beli seminggu, eeee besok seminggu lagi keluar yg 5G T.T)>
tau gitu nunggu bntar lagi :(((",2021-09-17T07:40:14Z,0
@scattergaming9996,Stereo speaker ga bang?,2021-09-16T14:54:39Z,0
@muhammaddanu4107,Sudah.. enak bgt,2022-04-05T09:11:11Z,0
@sitiazila4802,Yang komen GK di jawab,2021-09-16T03:26:45Z,0
@muhammaddanu4107,Hai,2022-04-05T09:11:22Z,0
@palingdemenmaendiselokan522,GUA YG BELI SANGAT MENYESAL MALAHAN 🤣🤣🤣 BUSUK HAPENYA,2021-09-12T10:11:58Z,0
@galih060,"Kalo tipe power user emang ga direkomendasikan pake Samsung

Speednya dilimit semua sama Samsung untuk menghindari panas berlebihan",2021-09-29T07:46:20Z,0
@zafin33,"cuma bagus desain doang wkwk. gue akui samsung low-midrange jelek  performa sering turun kalau dibuat game dan speknya kurang mantap apalagi harganya aduh bikin dompet nangis wkwk🤣. kalau samsung flagship masih percaya lebih bagus. kalau ambil hp low-midrange lebih bagus realme,xiaomi mantap dah",2021-09-12T04:32:49Z,0
@galih060,"Kalo tipe power user emang ga direkomendasikan pake Samsung bang,
Speed CPU nya dilimitasi semua untuk menghindari panas berlebih...",2021-09-29T07:48:14Z,0
@ersonlona_98,Akhirnya bisa nonton ini pake A52..,2021-09-06T13:32:45Z,1
@rijckyjulianmulyady6352,"Dijual dijual samsung a52 8/128gb white baru dua hari pake, bisa cod atau rekber. 4.4 aja.",2021-09-05T12:11:17Z,0
@DigNet_Colaboration,Belum 5g ya kk?,2021-08-30T08:17:23Z,0
@ahmadrivai9103,Tim CLBK mana ?? Cuma Liet Beli Kaga 🥺,2021-08-30T05:57:20Z,0
@nurbayani4824,Harga resmi nya berapa bang,2021-08-25T16:26:26Z,0
@akbar9696,Saya nungguin A52S 5G 👍,2021-08-25T05:22:41Z,0
@reckysujarwo6967,Bisa berapa kali zoom hp Samsung bang,2021-08-19T10:04:04Z,0
@seethesign,Bismillah tahun depan kita akan bersama ❤️,2021-08-17T12:33:19Z,2
@agustipermana4399,kapaaan lah ya bisa kebeli...,2021-08-17T08:46:29Z,0
@adiningrat1976,Gua nonton pake A52 alhamdulillah ☺,2021-08-14T16:21:57Z,1
@ajifajarbudiman,"Ada bug"" atau masalah gak bang?",2021-08-23T17:08:48Z,0
@adiningrat1976,Aman2 aja bang ?,2021-08-24T07:25:23Z,0
@ajanksmataram,"ada yg tau performa galaxy a52 ini jika dipakai main game pess 2021 dg high quality, 60 fps pada mode online match  ? jawab yg jujur  !!!",2021-08-12T17:09:17Z,0
@presetkuofficial,"Untuk peform game berat g recomend , tpi soal kamera layar wowww",2021-11-06T12:16:01Z,0
@ajanksmataram,"Iya bro, saya udh bli & coba pke game pess 2021, gak recomended high quality, ngelag patah² layarnyA. Klo masalah camera sama video recorder memang wowww diA",2021-11-06T12:19:06Z,0
@agungwibowo3816,Beli hp samsung baru serasa seperti beli hp batangan... Speknya bagus ....tp tanpa charger tanpa headset dengan Alasan biar ramah lingkungan.....sekaliang aja gak usah pakei kotaknya.....🤣,2021-08-12T12:36:47Z,1
@tsaniahafidzahhumairo7237,"Mau nanya pak ketika vidio on bisa ngak langsung di alih dari vidio depan ke belakang,,ko punya saya ngak bisa,,apa perlu settingan ulang apa bagaimana..
Soalnya klw a51 bisa,,klw vidio on bisa langsung pindah vidio depan dan belakang",2021-08-11T14:55:35Z,0
@dedeyoyong281,Mau nanya kalau chargernya dipake cas jbl flip 5 gk apa apa?,2021-08-11T07:41:18Z,0
@sann_0n3,Sayang banget a52 nggk bisa pake 2 sim card+ sd card,2021-08-10T09:44:37Z,0
@rezzy_sptr,Alhamdulillah kemarin nonton ajah di yt sekarang udah punya A52,2021-08-08T12:07:07Z,0
@bawelzhurep2855,Alhamdullah baru saja meminang samsung A52,2021-08-05T04:42:15Z,0
@zertx_AE,"25w buat 5000MAH 
,😆",2021-08-01T11:40:01Z,0
@fatmalanoviyanti8660,Gila bagus banget bang semoga bisa kebeli hp itu😢,2021-07-30T15:30:16Z,0
@winteraespa7859,Yg pengguna samsung A52 mari merapat 😁,2021-07-29T12:08:01Z,0
@tettyfransiskasinaga149,"Samsung a52 dipake sambil di charge, soak ga batrenya guys?",2021-07-29T11:20:37Z,0
@hanhinhun14,Disarankan jangan dipakai ketika charger,2021-08-16T00:56:55Z,0
@kawalprotokol8989,Alhamdulillah tukar tambah f9 dengan samsung A72 puas banget ngegaming smood layarnya.semoga yg lain bisa nyusul dlm waktu dkt ini.amin🤲🤲,2021-07-28T13:10:37Z,1
@rizkikurnia25,Amin,2021-11-10T14:23:39Z,0
@RIZKITRIWAHYUDI,Fix beli Samsung 2 bulan lagi.🤲,2021-07-28T08:12:16Z,0
@ramlimaulana1195,HP nya sih keren tapiii sangat di sayangkan batrainya cuma 4500mah...cuma beda tipis sama Samsung galaxi A10s🤔,2021-07-27T09:58:28Z,0
@alzam5686,A10s 4000 mah gan,2021-08-04T16:48:01Z,0
@bucinitubahlul4852,Penyembah mAh,2021-10-25T05:10:50Z,0
@yourbuddy4019,Klo mau back di bbrp aplikasi macem instagram kok susah ya swipe kanan/kiri nya? Saya pake fitur display full screen + gesture (fitur tombol navigasi di bawah agar tidak nampak),2021-07-27T02:34:05Z,0
@fandiaray3083,Alhamdulilah sudah kebeli samsung a52 kemarin,2021-07-24T13:34:11Z,0
@ajifajarbudiman,Ada kendala gk bang ? Kamera gimna dan di pake ngegame gimna?,2021-08-23T17:10:38Z,0
@faisalmuhamad5227,"kamera belakangnya 4 kira""berfungsi semua tuh??",2021-07-23T18:37:54Z,0
@khaidirazzam1798,Matap tahan air 👍🏻👍🏻,2021-07-21T20:17:26Z,0
@wendrajumaisarki4701,Nonton dengan A52 8/256 awesome blue. Bening banget,2021-07-21T12:54:22Z,0
@kennankurniawan812,Wkwkw sama bang,2021-12-12T01:58:05Z,0
@mohammadsahroji7428,"A is back, Kasih fitur tahan air lagi",2021-07-16T00:15:13Z,0
@dailyceritagambarAI,Nunggu sampe harga 2jtan....wkwkwkk,2021-07-15T23:50:38Z,0
@robbikamf,"Udah beli, tp sayang kalo main game mobile legend analognya sering berenti tiba2. Itu ajah sih, yg lain bagus. Ada yang sama kah? Caranya gimana ya",2021-07-15T04:34:42Z,0
@sutasati1014,Hp nya jelek...masih kalah dgn asus...jaringan sering lelet...nyesal beli...masih enak pakai asus max pro m2,2021-07-14T05:33:42Z,0
@zulfahmichannel9482,Mantap samsung,2021-07-13T10:48:54Z,0
@andiprima0130,"Ini kalo mau ngerekam stabil ga ya kayak oppo reno 5 ? 
Masih ragu di kamera aja soal nya ini sya",2021-07-13T07:03:00Z,0
@Zunikaaa,"Alhamdulillah udah kebeli, emang sih suka banget. Ini lagi dicharge hapenya. Semoga kalian semua dimudahkan ya rezekinyaaa 🌹",2021-07-12T08:34:14Z,1
@vegibagasp8759,aamiin,2021-07-15T13:13:57Z,0
@risqkisetiawan8646,bank review versi 5G,2021-07-09T23:42:56Z,0
@ariwijaya5847,Kalo untuk poto di kolam renang apa bisa tahan air,2021-07-09T18:05:51Z,0
@midahhamidah1724,Hrga nya sekarang brpa,2021-07-08T10:32:55Z,0
@dikaapek8928,info nya dong buat yang udak pake samsung A52 camera sama gyroscope pubgm nya gimana ???,2021-07-06T14:59:27Z,0
@Masericc,Bingung antara A52 atau Reno 5 😭,2021-07-06T07:47:58Z,1
@sitimurdiansyah3072,Sama,2021-12-31T03:47:38Z,0
@nurhayati1182,Wow amazing😱 aku mau beli pokoknya❤,2021-07-03T07:27:25Z,0
@lexiordtzy,Harga nya 5 jt 400 aku beli,2021-07-02T15:39:19Z,0
@kamabokogonpachiro9646,Aaaaaa pengen beliii,2021-07-01T14:30:33Z,0
@dejeyyytow7041,Lagi merjuangin A52 semoga bisa kebeli ditahun ini,2021-07-01T03:31:14Z,0
@nobelandih6052,"MENYESAL SY MENONTON VIDEI NI,,KARNA TDK BISA MEMILIKI😂😂😂😂😂",2021-07-01T03:12:39Z,0
@rianmaharaniali4853,Alhamdulillah dpt surprise hp ini dri suami😍,2021-06-30T17:32:59Z,1
@danangekosaputro9203,"Alhamdulilah sy udah pakai yg awesome black,emang untuk spesifikasi ga diragukan lagi apalagi soal hasil kamera.disini sy cuma mau menambahkan,untuk hasil night shoot kamera A52 sendiri hasilnya emang diluar ekspektasi,warnanya bener2 keluar dan pencahayaan juga sangat cukup walau dikondisi low light sekalipun",2021-06-29T19:51:00Z,26
@rizkhyprima7238,1080 60 fps bisa stabil nggak,2022-01-26T05:55:51Z,0
@danangekosaputro9203,@rizkhyprima7238 stabil mas.real colour,2022-01-26T06:33:49Z,0
@rizkhyprima7238,@danangekosaputro9203 ok mantap.otw beli nih hp😋,2022-01-26T06:40:09Z,0
@danangekosaputro9203,"@rizkhyprima7238 wajib dibeli mas,hasilnya keren poool",2022-01-26T11:14:06Z,0
@rizkhyprima7238,@danangekosaputro9203 kalo soal kekuatan nagkep jaringan gimana gan?,2022-01-26T12:25:35Z,0
@alvianjihan4895,IP 67 yg buat nilai plus si,2021-06-29T13:21:24Z,0
@emo.channel605,Cepat panas gk?,2021-06-29T05:57:48Z,0
@juraganselep8726,Beli pakek apa,2021-06-27T21:21:03Z,0
@bangkusmoba6896,HP setara 1 bulan gaji 😥,2021-06-27T17:36:50Z,0
@Trucking89,"Ohhh,,,ternyata masih 4g yaa....kenapa di sponsorin 5G ???",2021-06-27T08:28:33Z,0
@Alment11,"Buat vidio perbandingan hp samsung a52 sama poco f3 bang

Bingung mau pick yg mana",2021-06-26T19:14:14Z,0
@cleonardyudira94,Berarti tahan air dong bang harga nya berapa bang 😎👍👍,2021-06-26T09:37:24Z,0
@abuathiyyah1652,waw..waw.. bahaya sensasinya bro..,2021-06-24T03:43:18Z,0
@alliyulaufarosiadi6720,Udah beli alhamduillah baru paki 2 hari,2021-06-22T14:41:20Z,0
@emilefirson6852,"Beberapa hari pemakaian, salah satu kendala yg cukup berasa buat saya adalah dimensinya, gede banget bikin tangan pegel.
Karena saya emang ga terbiasa dg hp gede, sebelumnya pake zenfone 3, yg ga gede2 banget, dan lebih tipis dibanding A52

Selebihnya KEREN BANGET 😃😃",2021-06-19T06:55:26Z,10
@suryabaskara361,Kualitas speaker nya buat dengerin music gimana bagus gak?,2022-01-30T10:43:49Z,0
@handokobanyuwangi4649,Biasa bos kya hp lainnya,2022-04-13T04:05:06Z,0
@ruijonatosoares5180,Syukurlah bisa nontong video ini pake Samsung A52😇,2021-06-18T16:16:51Z,2
@naduckamerika1056,Kalau di air laut jga tahan tdk bang ?,2021-06-18T08:32:39Z,0
@haerulm1014,"Harga di kota hujan Rp 4,99 JT euy",2021-06-18T06:34:44Z,0
@kadeklhanoez2593,"Alhamdulilah dah ke beli samsung a52, awalnya beli yg a32 tp kurang puas tertarik a52 yg anti air, akhirnya tak tukar tambah, lumayan rugi 1jt😢",2021-06-18T03:39:15Z,0
@kuncian,Haha,2021-09-16T09:31:47Z,0
@edwinputra9353,"Habis lunasin motor, otw beli ni hp kayakny..🙄🙄",2021-06-16T19:32:12Z,0
@iccankpelor9075,Aku sdh punya bossq,2021-06-16T08:00:36Z,0
@dearegina7235,Di taiwan hrganya 6juta lbih..,2021-06-16T05:19:22Z,0
@bananaboatmerak-banten8223,Samsung a52 violet emng gak ada hendset yh? Aku beli gk ada,2021-06-15T16:32:53Z,0
@andhawiwin,Iya gk ada syg,2021-06-29T01:16:43Z,0
@Rizalpermana,"Bagusan mana ya,,,a52 atau iPhone XR???
Aing bingung 😌😌",2021-06-15T14:48:15Z,0
@WahabFams,Alhamdulillah bagus emang A52,2021-06-15T05:41:13Z,0
@YTTrgan,Gak sesuai eksptasi,2021-06-14T12:09:14Z,0
@gatotsuseno8633,Semoga ada rezeki mau tukar tambah sama samsung a30s amin,2021-06-13T06:48:13Z,0
@hilmiahmad59,Samsung ngabisin pkt data,2021-06-12T04:41:10Z,0
@aremraf,Belum 5G ?,2021-06-12T01:49:01Z,0
@Dewi-mg2im,Udah,2021-07-25T13:58:56Z,0
@alexhermawan5260,Nunggu harga 3 jutaan😂,2021-06-11T21:14:13Z,0
@andremahendra9340,Bismillah semoga ada rejeki buat beli samsung galaxy a52 aamiin,2021-06-11T15:00:30Z,0
@cahyoadi2790,Keren,2021-06-11T00:59:39Z,0
@septianichannelberita2331,Alhamdulillah dah punya di kasih majikan,2021-06-09T19:33:48Z,0
@antarisputra2668,"Klo bukan dapat undian,,mana saya punya hp ini..",2021-06-09T16:54:42Z,0
@erinintyanishabrinaramadhi1928,"Jd galau ini atau yg A72 ya? Udh ngadat A50 skrg, iyalah udh diperes dr 2015 😂",2021-06-09T13:08:01Z,0
@Abang-tukang729,"Ketemu di konten sebelah ini channel
Yg sama like n mampir👍👍",2021-06-09T10:57:41Z,0
@Altintopopin,Bisa diajak berenang 🔥,2021-06-09T06:32:28Z,0
@aldipermadi2569,Samsung saingannya iPhone,2021-06-09T04:41:56Z,1
@aldipermadi2569,"Pengen banget, tapi gatau belinya kapan hhmmm...., Semoga beli yang 5G nya aja biar ga nanggung",2021-06-09T04:35:14Z,1
@dodiardiansyah1862,Alhamdulillah udah kebeli yang 8/256😄,2021-06-07T17:02:43Z,0
@pynkamn1716,dapat diharga berapa ya? kalau boleh tahu,2021-06-08T06:47:55Z,0
@havefunaja1910,"Semoga peluncuran perdana nya aq bisa beli, pengen yg a72 5G siiih tp katae gk masuk indo, so nungguin A52 5G ini aja, semoga semoga dan semoga kebeli di hari perdana😍",2021-06-05T12:07:58Z,0
@balabalabelebele,"TAHAN JANGAN BELI, BENTAR LG SAMSUNG MAU NGELUARIN A52 5G YG PAKE SNAPDRAGON 750G...",2021-06-05T03:45:43Z,0
@Nurulhikmah500,*Pengen beli buat ngevlok video nya tidak goyang tidak sprt gempa*,2021-06-04T08:50:43Z,0
@synystergates5390,Daj 5g blum,2021-06-04T06:43:28Z,0
@andreanbatam64,Samsung A52 5G Kapan Rilis Ke Indonesia?,2021-06-04T06:05:14Z,0
@rifkychannel6233,Agak pucat ya bang,2021-06-03T20:30:58Z,0
@nurrizkitediansyah598,"Lgi mikir"" pngen bli hp ini gjihan bln ini 😁",2021-06-03T14:41:31Z,0
@faizalarsitektur70,Yang 5g rilis kapan ya?,2021-06-02T15:37:05Z,0
@hermandwireza959,Kerenan yg megang hp sambil jalan...heheh,2021-06-02T12:52:53Z,0
@babytube2874,"Nungguin turun harga baru beli, wkwkwk",2021-06-02T11:59:29Z,0
@kenfarkhan3928,Berarti tahun depan bro wkw,2021-07-14T21:01:26Z,0
@hoseasabatany1577,"yoi, wkwk. nemu temen ges yak",2021-09-06T15:26:19Z,0
@najibkendal2307,Alhamdulillah beli a72,2021-06-01T10:23:00Z,0
@roishariyanto7822,A52 ini sudah 5G apa blm?,2021-06-01T09:09:53Z,0
@Dewi-mg2im,"Udah bang, saya juga pakai A52.",2021-07-25T14:52:43Z,0
@septanne4285,Harganya kapan turun ya wkwk,2021-06-01T00:30:35Z,0
@ariyadizum2602,Alhamdulillah udh 1bln pakek a52 hehhe,2021-05-27T03:52:32Z,0
@iskandarhyunkeru3207,"Pqen si, rpi belum suport 5g jadi buat kedepan nya bakal gimana",2021-05-26T17:53:23Z,0
@monicabtr,"04:18 varian rom 128 tetap dapet ram 8gb, bukan 6gb. cmiiw",2021-05-26T17:09:16Z,0
@diandarmayuda1861,Bukannya A52 udah pake OIS ya om?,2021-05-26T16:09:06Z,0
@vincentlgunawan,Belum 5G Om,2021-05-26T15:33:06Z,0
@manualtech6467,Bisa 2 Kartu gak bang,2021-05-26T13:28:19Z,0
@martinwijaya3958,"Malam boss mau tanya, saya pnya samsung a52 tahan air ga boss saya blm coba, nanti pas saya lalukan ke air malag mati deh nanti, info nya boss tkt nya mati, ?",2021-05-26T11:40:02Z,1
@andhawiwin,Knp gk dicobain wkt beli bg,2021-06-29T01:09:32Z,0
@srireniagr,"Alhamdulillab sudah bisa kebeli sudah tes kamera juga, tapi masih blm tau banyak fitur dan kegunaan lainnya bang. Settinf kamera pro nya jg blm terlalu bisa. Tolong infonya bang 🙏",2021-05-26T00:35:58Z,0
@wahyuristian7120,Sama nyimak pkai Awesome black 👍👍,2021-05-25T15:44:02Z,0
@mahmudmahmud3457,Alhamdulilah kesampean juga ..beli samsung A52,2021-05-25T12:46:14Z,0
@dendenatma251,"Make samsung A70 udh bangga,walau udah bnyak goresan dan lecetnya.apalagi klo make hp ini😂",2021-05-25T12:31:23Z,0
@bagusrahmat4730,"Sayangnya belum 5G ya..,",2021-05-25T09:32:12Z,0
@mikhaofs_,ada samsung a72 kalau mau 5g kak,2021-06-11T02:04:52Z,0
@wirkadinata2648,"Merasa bersyukur sekali udh kesampaian minggu malam kemarin udh kebeli,suka sekali memang samsung gak pernah mengecewakan😍",2021-05-25T07:59:05Z,12
@yuliaandari5134,"Pgn nanya dong kak Samsung a52 kamera depan nya udh d sediain filter"" / efek"" bawaan nya gak? Jd selfie ga natural aj gtu.",2022-02-13T07:47:11Z,0
@ZALALATV,"Sekarang melihat, Besok memilkki,, Aamiin",2021-05-23T11:30:02Z,0
@MySelf-py5uw,Samsung A52 5G ada g sih di indonesia??,2021-05-23T10:27:53Z,0
@jamalfokus3514,Tetap stay bersama s7 edge,2021-05-23T08:48:08Z,0
@navisahenkamling9136,Insya Allah saya beli HP ini dan berwarna ungu,2021-05-23T07:49:51Z,0
@farhanmaulana6129,"Semoga dapet giveaway iPhone, Aamin",2021-05-23T00:32:38Z,0
@gifarisahlan6626,Gua udh punya,2021-05-22T15:16:34Z,0
@akrom2843,Keren bang @dhiarcom,2021-05-21T22:29:23Z,0
@Yuliantoeko70,"Mesti di coba video 4k, full hd mana yg stabilizer yg terpakai",2021-05-21T18:23:16Z,0
@bagibagi2986,Coba aja kasih fream metal walaupun bodi belakang plastik 👍,2021-05-21T09:55:32Z,1
@bagusadiyoga,"Masih ragu, sementara ini pakai XR, tapi kepikiran terus mau tukar A52 😭😭",2021-05-20T15:57:16Z,0
@michaeloey5793,Bgus A52 jauhh,2021-07-11T09:24:14Z,1
@bagusadiyoga,"@michaeloey5793 bagus sih om. Tapi saya cari kamera juga ehh, ga terlalu cari lensa ultrawide soalnya :((",2021-07-12T05:02:21Z,0
@michaeloey5793,"@bagusadiyoga klo cari kamera ke abangny berarti, A72",2021-07-12T06:17:29Z,0
@sonysuharta9549,Kemaren sebelum beli hp nonton di sini pakai j6+ sekarang pakai a52 langsung karna emang seneng sama a52,2021-05-20T15:10:42Z,0
@yuliaandari5134,"Pgn nanya dong kak Samsung a52 kamera depan nya udh d sediain filter"" / efek"" bawaan nya gak? Jd selfie ga natural aj gtu.",2022-02-13T07:50:04Z,0
@sonysuharta9549,@yuliaandari5134 gk ada filternya,2022-02-13T09:38:02Z,0
@yuliaandari5134,"@sonysuharta9549 em masa sih ka?? Gada filter"" bawaan dari Samsung nya gtu kalo mau selfie",2022-02-13T10:18:37Z,0
@hamsahhamsah3408,Bingung mau pilih iphone xr atau samsung a52..yg mana ya lebih bagus,2021-05-20T14:31:03Z,0
@penikmathumor,"SD 720g, device ane SD 439 bi like:v",2021-05-20T12:01:51Z,0
@hartonoputra16,Cuman bisa mengagumi🥺,2021-05-20T04:36:53Z,2
@tomialrcon9281,Udah beli tapi belum berani di ajak berenang🤣,2021-05-19T12:49:52Z,0
@ucupucup573,Buat apa di ajak berenang bro..,2021-06-25T01:10:33Z,0
@muhammadardiansyah3237,"Terbeli juga hari ini 
Alhamdulillah",2021-05-19T08:43:30Z,1
@ardikasusila595,"Bang bantu pilih ,, samsung a52 baru atau iphone xr yang second bng,pliss bantu pilih mau ganti hp soalnya",2021-05-19T06:31:25Z,0
@giawadesti8727,"Samsung a52
Saya udh pakai ❤❤❤❤❤👍",2021-06-01T09:25:11Z,0
@andhawiwin,@giawadesti8727 sama dong syg 😂,2021-06-29T01:19:15Z,0
@taufikfadillah813,@andhawiwin iya sayang,2021-09-21T06:39:20Z,0
@alifinowaa7302,Alhamdulillah dah ganti dari Samsung a80 ganti Samsung a52 makin mantap👍🤲,2021-05-18T19:07:46Z,2
@fendywicaksono1550,Wahh seri andalan di kelasnya nihh..mantapp✌,2021-05-18T12:31:26Z,0
@joeal_makassari5345,"Saya pilih Box No. 1 dan No. 6

@joenardy_almakassary

Nama depan: Joe",2021-05-18T10:49:18Z,0
@rizallogo5326,Mantullll,2021-05-18T10:31:32Z,0
@robiparyono1417,"Dari segi body dan tampilan lebih ramping versi yg sebelumnya A51 samsung A52 dan A72 bezzel pinggir atas dan bawah lebih tebel. Body belakang a kerasa plastik banget. Kalau di ketok2 berasa ada yg kopong di dalam.a
Kemarin A71 saya TT sama A72 ternyata gak jauh beda cuma beda di spek kamera.a saja  dan tahan air",2021-05-18T06:23:14Z,0
@yans1011,blm 5g?,2021-05-17T17:55:42Z,0
@whyusptra5864,Blm,2021-05-19T16:27:48Z,0
@binbina_yn7049,Ada yang mau nemenin saya ngepet tidak??,2021-05-17T13:44:28Z,0
@ajidalydrus7451,Snapdragon 720g masih kuat ga untuk beberapa tahun kedepan?,2021-05-17T08:29:43Z,0
@muhidziyec30,"User experience masih sangat cukup bro,,kalo mau nyari spek brand tetangga aja lebih banyak yg gahar,cuma itulah ada harga ada kualitas",2021-05-20T04:22:20Z,0
@activespeaker1828,"Definisi aku.
Penonton setia dhiarcom yang gak pernah dapet giveaway dan gak pernah dipin komen.",2021-05-17T04:17:05Z,0
@ubaidillahdohc8817,Mantab,2021-05-17T03:55:47Z,0
@cedoxpati8841,Nonton ini pake a52..tp menurut q masih mantep huawei..,2021-05-16T19:13:27Z,0
@harryputra4414,Apakah sudah bisa 5G.?,2021-05-16T17:45:33Z,0
@whyusptra5864,"720 sudah pasti









Blm",2021-05-19T16:28:06Z,0
@rickysandi6459,Mntaplh,2021-05-16T14:14:35Z,0
@adearisandi9894,Ada yang harus dibeli untuk tambahan nya ?,2021-05-16T11:21:58Z,0
@muhammadfariz3610,bang mending ini ato f3?,2021-05-15T23:20:00Z,0
@whyusptra5864,F3 dong,2021-05-19T16:28:22Z,0
@mochamaddzaki32,1080p 60fps ada stabilizernya ga sih?,2021-05-15T20:53:19Z,0
@TutorialPian,"awal 2019 beli A50, terus pertengahan 2020 ganti ke A51,Ehh sekarang Keluar A52..  Aduuuuh pusing bosss 😂",2021-05-15T08:20:58Z,0
@jhonyhong1778,Satu kekurangan hp ini yaitu batrenya...awetan A32...sebelum beli sempat galau...bandingin A52 dll...akhirnya jadi beli A32...spec kurleb...malah menang di ketahanan batrenya...A32 super awet batrenya,2021-05-14T15:04:32Z,0
@miminqirani410,Alhamdillah sdh bisa kebeli,2021-05-14T14:56:30Z,0
@anggasyahputra1376,"yatuhan pen ganti hp, dr 2016 ga ganti hp. gada duiiit",2021-05-14T12:01:23Z,0
@Gucciqt,"Selamat hari raya idul fitri. Mohon maaf jika ada salah kata, salah sangka, salah perilaku dan salah menaruh perasaan🙏🏻",2021-05-13T21:55:29Z,1
@wawandoank9676,Belum 5G ya?,2021-05-13T03:53:48Z,0
@nandangtohari3397,Semoga abis lebaran bisa beli. Amiin...,2021-05-12T16:01:01Z,0
@PCX2025roadsync,"samsung sekarang ko lemah nangkep sinyal nya, kalah sana hp oren",2021-05-12T13:49:24Z,0
@trisnaaji87,Besok belinya nunggu di tilep brand lain dulu sama s22 ultra turun gunung biar adiknya anjlok dulu harganya ...😂😂😂😂😂,2021-05-12T03:59:48Z,0
@saidningrat1622,Om untuk kamera A52 / realme X3 superzoom lebih better untuk low light ?,2021-05-12T01:58:20Z,1
@marselinanuraenii7982,BANG KELEMAHAN HP SAMSUNG DARIDULUSAMPESEKARANG APA SIH??,2021-05-11T17:29:09Z,0
@Hero_O-N-E,Sayangnya hp belom 5g redi.,2021-05-11T17:20:45Z,0
@riyanputra6157,benar gk bos anti air klo emang benar gua mau beli,2021-05-11T13:18:03Z,0
@masbramcoll,Low lightnya mana😔,2021-05-11T12:55:51Z,0
@setivenmichelonesimus7762,Lebih bagus mana bang sama Samsung m51,2021-05-11T06:55:31Z,0
@ratnaalisiya6116,🤤🤤🤤🤤🤤🤤,2021-05-11T02:48:21Z,0
@aldocahyaputra5009,hadir,2021-05-10T22:04:17Z,0
@Abaaangvlog,Game setalah pubg ap ya d video?,2021-05-10T21:36:01Z,0
@meiyadiemeiyadie752,Mantep bang,2021-05-10T20:22:14Z,0
@difaahmad_6202,Mantap😳,2021-05-10T20:18:31Z,0
@yesimeirida6321,Aku lagi beli semoga cepet smpe A 52 violet🙏😁rejeki kado ultah dari Allah🤗🥺,2021-05-10T15:58:04Z,2
@monakitty7355,Beli dimana yg violet kak? Susah bner carinya,2021-05-16T03:09:27Z,0
@hantuyutup6753,"Nonton dulu, beli kapan kapan",2021-05-10T06:37:53Z,0
@hendroone7381,"Desain,,layar,,kamera,,,tk di ragukan klo buat gaming kurang recomanded",2021-05-10T06:28:10Z,0
@awanstrikeyt1182,Tapss,2021-05-10T05:58:28Z,0
@Ridwanhafied,3 hari lagi lebaran,2021-05-10T05:25:18Z,0
@bangmirzavprsta,Wih mantep... Samsung selalu ngeluarin hp dengan fitur dan tampilan yg keren & elegan😁,2021-05-10T03:37:07Z,3
@perkebunanbiting5997,samsung a52 ist the best!!,2021-05-10T03:33:34Z,1
@nikolasbaruna2012,Mantapp😭,2021-05-10T02:53:14Z,0
@argadia1769,Yooook bisaaaaaaa,2021-05-10T02:00:17Z,0
@ahmadhusaeni0222,ngiler njirr liat nya seakan akan gua yang pegang,2021-05-10T01:15:44Z,1
@dewifortuna6554,Mantab,2021-05-10T00:49:55Z,0
@elniztnurrosid4602,Samsul ga prlu diragukan,2021-05-09T23:43:28Z,0
@gunawanputrap416,Wow,2021-05-09T22:30:05Z,0
@IziRado,Ngiler liatnya... Cuma bisa tahan air liur 🤣,2021-05-09T21:39:59Z,1
@jajakarya2428,🤣🤣🤣🤣🤣🤣,2021-09-10T10:36:11Z,0
@ekamaizuhardi9635,Sudah pernah di compare dengan Realme 8 Pro?,2021-05-09T17:04:40Z,0
@radiobugelfm1173,"Gan, samsung A52 apa masih ada aplikasi RADIO FM ? Mohon di jawab ya, semoga sehat,lancar rizkinya amin..",2021-05-09T15:26:41Z,0
@immanuelchristian8676,Msh ada kyknya,2021-05-12T14:48:16Z,0
@miyaaa7408,Aku msih pkai Samsung J3 Pro :),2021-05-09T14:15:41Z,0
@joemore7806,"Share pengalaman make samsung A52 baru 1 hari..
anti gores bawaan dan layar bermasalah setelah main 3 ronde mobil legend... 

Menggelembung dan ada garis2 mera posisi kalau main mode landscape (kadang nongol kadang kagak garisnya) di kiri dan kanan layar... 

Seburuk itu kah build quality samsung skrg..
Btw ini hp ke 3 gw.. pertama a70 dan j6 2018(kedua nya msh dipake dan selalu main mobile legend ga bermasalah) 

Gw sebagai fanboy samsung sangat kecewa utk hp ke3 gw ini.. 

Toko tidak mau gnti unit baru.. kira2 ada solusi nya apa utk yg lg make?",2021-05-09T11:34:25Z,0
@gamergimang3542,J2 prime udah seneng apalagi a52😄,2021-05-09T10:17:00Z,1
@giiooson3195,"Klo produk samsung si gk usah di ragukan lgi kang
Selalu keren....",2021-05-09T07:03:19Z,0
@pardingotansinaga917,"Saya sudah beli...sumpah
Mantul banget",2021-05-09T06:06:07Z,0
@aripurnomo7910,"Bismillah, bulan depan",2021-05-09T02:46:24Z,1
@mihoyo2799,Udah dapet thr juga belum mampu ganti HP ಥ‿ಥ,2021-05-08T11:48:31Z,0
@sunaryosatiahbinmasdararyo2494,samoled itu enak banget ga da lawan...pokoe.... matap.....jid gandos....,2021-05-08T07:04:08Z,0
@mirandaadwii6495,1:30 tahan air buset kalo ngegem enak bgt kalo pas tangan basah wkwk,2021-05-08T05:50:59Z,0
@andrivtex_fatih106,Ngiler,2021-05-08T04:49:12Z,0
@very_weps,Mantap om,2021-05-08T01:58:54Z,0
@agussetiyoutomo6341,"Ga ada tulisan ""samsung"" nya kah?",2021-05-08T01:48:39Z,0
@yuppiw2006,Ini adalah hanphone yg sempurna tidak mementingkan 1 bagian👍👍,2021-05-07T23:02:17Z,7
@IndraSaputra-mp1iy,Mantaapppp🔥🔥🔥,2021-05-07T20:31:01Z,0
@CreatorMisteri72,Harga nya berapa bosku,2021-05-07T17:06:41Z,0
@roynando4425,Mending A52 / redmi note 10 pro .. buat ngegame bang,2021-05-07T15:36:25Z,0
@andi5803,Mantap sih,2021-05-07T14:59:38Z,0
@kicaudays947,2jt has,2021-05-07T14:41:28Z,0
@revanfebian2605,Kameranya kelas banget,2021-05-07T13:53:41Z,0
@-StevenPurba,Kupikir hp tahan air harganya diatas 10 jt. Ternyata jauh lebih murah😂😂,2021-05-07T06:15:36Z,0
@royalcanin405,Reviewnya bgs beserta penjelasan speknya lengkap. Senang ntnnya. Moga sukses bang.,2021-05-07T02:06:40Z,0
@syamsulfahrul2690,Love it,2021-05-07T01:21:03Z,0
@DistrikChannel,nonton pake A52.,2021-05-06T21:21:49Z,0
@mayunsurya4085,Klo di pake main game ml patah2 ga bang?,2021-05-09T04:37:58Z,0
@DistrikChannel,@mayunsurya4085 aq gx main game bang. 😊,2021-05-09T08:08:25Z,0
@yugadewantoro6604,Kirain hp nya 'Tahan godaan setan',2021-05-06T15:30:32Z,0
@rizalarifin2742,1:34 PANJANG banget lidahnya..😰,2021-05-06T12:38:26Z,0
@firnandaff6513,Semoga yg baca diberi rezeki yg banyak oleh Allah SWT amin,2021-05-06T12:35:42Z,90
@yuniarlimarjoena4478,Aamiin,2021-05-06T16:47:05Z,1
@davingagah8608,Aamiin....,2021-05-19T14:22:22Z,1
@aimaralim6099,Aamiin,2021-07-04T03:30:05Z,0
@cindyekamaharani6386,Amiinn,2021-07-15T03:53:30Z,0
@farhanhidayattullah3008,Aamin,2021-07-28T22:07:51Z,0
@xiagm-kemasmfadlic150,❤️❤️❤️❤️❤️❤️❤️❤️,2021-05-06T10:29:18Z,0
@wahyuvan,"Patah patah hasil vidio nya, parah sih",2021-05-06T07:57:28Z,0
@Konjan,Mimpi aja cukup lh punya hp² yg keren kya samsung xiaomi iqoo dll nya,2021-05-06T07:56:40Z,0
@wahyudibuaran2809,Klo baterainya 7.000 mAh spt M51 saya tertarik.😅,2021-05-06T07:25:23Z,0
@wahyudibuaran2809,02:13 bisa dual SIM 4G dan Memory card kan ya om?,2021-05-06T07:23:07Z,0
@immanuelchristian8676,Hybrid gak 3slot,2021-05-12T14:49:28Z,0
@rundi2275,👍,2021-05-06T05:53:28Z,0
@agungkurnia7109,"Mahal bet, hp gw kurang dari 1jt",2021-05-06T04:38:40Z,0
@musikcover3,bulan depan beli misal di beri rizky,2021-05-06T03:31:20Z,0
@asbarmide9631,Bang bahas bocoran A82 5G,2021-05-06T01:44:02Z,0
@devipermatasarisubandi9630,"A82 kira"" rilis kapan?",2021-05-09T01:58:21Z,0
@yuppiw2006,@devipermatasarisubandi9630 gk akan rilis,2021-05-21T12:44:58Z,0
@ditodarmadi2818,hape idaman,2021-05-06T00:48:41Z,0
@fahriramadhan4480,👍,2021-05-05T22:45:52Z,0
@muzibdosantos,"Gimana rasanya mempunyai,, hp² jutaan rupiah",2021-05-05T21:39:36Z,0
@sumarumuhammad5444,Worth it buat yang yang layar sama ketahanan air kalau gw sih tetep milih mi 10t pro,2021-05-05T21:36:20Z,0
@riskiadittiya245,sering ghacha,2021-12-07T05:07:15Z,0
@robertmugabe5293,mahal mahal cuma dpt SD720 🤭,2021-05-05T18:12:40Z,0
@BajangGenem,6 hari lagi,2021-05-05T17:40:20Z,0
@Z-achmad,"🦇 (Ya) Cukup, saingan jualan 💫",2021-05-05T14:52:16Z,0
@viinofficial3192,Mantap banget kapan saya bisa punya,2021-05-05T13:13:05Z,0
@yoazied2755,"Semoga dapat THR 10 juta ,dari pemerintah biar bisa beli Hp",2021-05-05T13:01:06Z,0
@inirispandi2862,APAKAH NANTI THR NYA DIKASIH UANG 5 JT BUAT BELI INI...🙏,2021-05-05T11:44:09Z,0
@sahawe5039,Ttp pngn iPhone 8+/XR 😭,2021-05-05T11:38:12Z,0
@bayu_s.p28,"Baru beli a71, eh udah keluar a72 emng kntil samsung",2021-05-05T11:15:27Z,0
@MellyOdaz,"Bismillah belum bisa beli, tapi ngimpi dulu gapapa kan, hehehe",2021-05-05T10:38:05Z,0
@ocasambutan2649,Kepingin tp blm ada dana 😢,2021-05-05T10:34:57Z,0
@storyhallu9425,Sehat Truss babang dan semangat 🤲🤲🤲,2021-05-05T10:22:03Z,0
@rizkyhendrianto6563,Worth it calon laris next gen 2 nih A52,2021-05-05T09:25:34Z,0
@sandihermana4873,pelitnya samsung tuh nggak ngasih sensor ir blaster yg buat remote,2021-05-05T08:35:01Z,0
@pindahakun1419,Mantap om,2021-05-05T07:49:45Z,0
@ikfinabirkiamelia5980,Sukses selalu om,2021-05-05T07:48:11Z,1
@kepochannel1339,Mantap bang,2021-05-05T07:27:29Z,1
@hemikwardoyok4460,Mantap bang,2021-05-05T07:26:02Z,0
@farhanchannel5121,Mantap bang,2021-05-05T07:23:22Z,1
@ahmadabdulaziz3371,Bismillah,2021-05-05T07:08:00Z,0
@denahmad6921,"Samsung s8plus ku nangis melihat ini,, aarrgh pengen beli",2021-05-05T06:47:21Z,0
@sobatkakilima.4587,Ngiler sama a52 ini.. tp a 50 yg di pke masih sangat enak di pake..,2021-05-05T06:28:42Z,0
@AV8-e5b,"Iya A50 masih bagus, tapi kalo ada dana mending beli yang baru karena A50 udah mentok di android 11 dan one UI 3.1

Tapi kalo emang masih nyaman pake nya yaudah",2021-12-11T14:02:58Z,2
@sobatkakilima.4587,@AV8-e5b pengen nya sih bisa miliki a52. Tp apa daya dompet menangis,2021-12-12T12:15:59Z,0
@AV8-e5b,@sobatkakilima.4587 seka air matanya,2021-12-12T12:20:50Z,0
@azzamaflahulmalik1262,Mantappp,2021-05-05T05:22:42Z,0
@aklijilie21m14,Masuk list keranjang😂,2021-05-05T05:21:48Z,0
@shahrulzahri9774,Iphone noob...,2021-05-05T04:40:56Z,0
@haikalulumillah6772,Jadi pengen beli tapi gak ada uang,2021-05-05T02:31:35Z,0
@poresentv,Om Samsung Galaxy A51 masih worth it ga?,2021-05-05T01:44:04Z,0
@aditiadimas7986,Cuma bisa lihat review nya doang😥😥,2021-05-05T01:38:57Z,0
@initialR_,Kalo hp ini worth it 2-3 taun ke depan trs gmn kalo tiba2 sblm tahun itu keburu launching 5G. Gmn nasib hp yg masih 4G ini?,2021-05-05T00:50:29Z,0
@Gee_allen,Designya keren sih,2021-05-04T22:31:29Z,0
@cintachannel2650,Min bagusan mana soal kamera antara samsung a52 vs poco f3? Mau beli diantara 2 ini. Soal kameranya aja min,2021-05-04T22:16:30Z,0
@WahyudiYudi-fk2nt,Jelas samsung lah,2021-11-25T13:56:27Z,0
@nurroyhanafi4616,Bismillah semoga bulan depan bisa kebeli,2021-05-04T21:38:33Z,0
@iqbalhanafi3408,"Setelah pemakaian 2 bulan. Batere bisa tahan 1 hari setengah kalo dari 100 persen sampai 10 persen jika pemakaian normal. Dengan pengisian daya 1,5 jam untuk mencapai 100 persen. Untuk bermain game lancar jaya, fitur2 dari samsung A52 ini sangat membantu sekali namun kekuranganny menurut saya adalah waktu membaca sidik jarinya memang agak lama. Bisa mencapaj 1 detik.",2021-05-04T21:27:50Z,5
@abcdefgh4761,Gimana kak pemakaian selama 8 bulan? Memorinya masih aman ka? Mau beli Samsung cuma katanya memori Samsung suka penuh?,2022-01-10T00:55:24Z,0
@galangez6073,Semangat gaes lebaran tinggal sedikit lagi,2021-05-04T21:19:57Z,2
@MesaMain,#mendingpoco 🤣,2021-05-04T21:19:01Z,0
@sobatkecilll4640,bukan maen,2021-05-04T21:01:44Z,0
@wongdesa443,"Cuma bisa lihat , gak mampu beli ,,",2021-05-04T19:19:50Z,0
@rikilim1688,Ini baru review. Bukan macam monyong david bertele2 sok imut. Lbh byk lihatin muka dia dr pada produk yg akan di review. Semoga sukses tmbus 5 jt subscriber. Tks,2021-05-04T19:16:30Z,0
@batu8237,Buset keknya dendam pribadi 😂🙏,2021-05-06T02:45:59Z,0
@calonorangsukses9655,@batu8237 bumset,2021-05-07T17:41:09Z,0
@WWE_channels95,"Kata karyawan samsungnya A52,, cuman tampilannya doang Pke processor snapdragon,, tapi masih pke processor EXYNOS katanya...",2021-05-04T18:46:56Z,0
@WWE_channels95,"Ah buset gua beli a52,, main genshin impact malah pas keluar game,, ada hurrrrrr kaya mesin rumout",2021-05-04T18:45:14Z,0
@cacuahaha2441,Mntp.,2021-05-04T17:29:20Z,1
@adiid1412,"ANJIR LAYAR 1800 KAYA GIMANA, 1080 KALI AH",2021-05-04T16:42:38Z,0
@Pepp08,samsung kualitas nya ga usah diragukan paling suka anti air nya ...mantap om,2021-05-04T15:38:33Z,2
@pujisisoneto,Samsung memang keren tapi...,2021-05-04T15:10:02Z,0
@achmadfathoni295,Musiknya asik kang,2021-05-04T14:49:09Z,0
@MF-zz7uv,"Saya pilih Box No. 3 dan Box No. 4 
@hengkiekachandra19
Nama depan : Hengki",2021-05-04T13:42:19Z,0
@florenciairenataniar9422-r1c,"Definisi hp menengah rasa flagship.
Saya pilih no.9 & no. 2
Ig : @Mohammednabil
Nama : Syauqi",2021-05-04T13:39:28Z,0
@ergibagassatria7674,Keren abis😋😋😋😋  mantap 🤗🤗😇😇😇😇 GOOD LUCK,2021-05-04T13:12:26Z,0
@PTTRISTAN,Sukses trus bang dhiar semoga selalu di beri kesehatan.. Amin,2021-05-04T11:59:31Z,2
@tercoret9172,Mantulll,2021-05-04T11:15:31Z,0
@Muhammadtarly,Wiii 🔥🔥🔥🔥,2021-05-04T11:02:58Z,0
@nadhifaarndt,tahan air tu coba yang suka hpnya random kecempung di kamar mandi wkwkw udah lah 4 juta udah begini canggih jangan komper sama yang lain saklek manteep,2021-05-04T10:53:55Z,0
@nadhifaarundati9346,i prefer this over pocco. samsung selalu menjanjikan meski harga sama android beda2 tipis dan bersaing banget tetep sistem UI samsung best,2021-05-04T10:46:21Z,2
@faragusalihasan7378,Skuy,2021-05-04T10:09:35Z,0
@poppyherawati5315,"Tetep aku cinta mati samsung, pengalaman pake andorid lain selalu enggak begitu bagus apalagi masalah ketahanan. 4 juta tp tahan air aku sih yes!!!!",2021-05-04T10:07:07Z,0
@gadgetlovers7907,kalau ingin mengkomparasi samsung dengan brand lain sebenarnya perlu dilihat juga kelebihannya. Karena dengan harga 4 juta samsung enggak mungkin mengeluarkan spek yg abal abal (ibarat kata) fungsi handhphone dengan ketahanan air di harga 4 juta tuh cukup wow lho,2021-05-04T10:04:32Z,0
@gadgetlovers7907,"Bagi saya, tetap A52 bisa jd pertimbangan besar dengan brand andro lain. karena user experience samsung lebih memuaskan berdasarkan yg saya alami",2021-05-04T10:50:39Z,0
@ivanwidodojr4609,Seandainya bisa memiliki ☺️,2021-05-04T09:28:38Z,0
@yazidqoribi9590,F3 apa A52 ya? 🙏,2021-05-04T09:28:19Z,1
@putrifynt6695,A52 si menurut ku,2021-05-30T11:08:42Z,0
@yazidqoribi9590,@putrifynt6695 mkasih sarannya mbak 🙏,2021-05-30T12:51:10Z,0
@fmlyrics808,Mantap,2021-05-04T09:19:09Z,0
@tanya84948,OIS nya cuma gimmik kah? Pas rekam video goncangannya gak kerasa bedanya kaya hp2 yang cuma punya EIS,2021-05-04T09:15:39Z,0
@m.nabiel147,Hadirrr,2021-05-04T08:57:10Z,0
@prayitnofals7596,Mantaps,2021-05-04T08:50:58Z,0
@digitaltools3881,"Samsung selera ku, A52 hape ku (tp tunggu THR dulu hehe), btw hasil FHD 60fps oke sekaliii",2021-05-04T07:51:17Z,1
@snatchimage5391,"Hape midrange udh IP67, cuma Samsung yg berani ngeluarin buat saat ini, A52 otw jadi hape terlaris juga kyknyaa, temen2 gua aja bnyk yg beralih ke andro grgr ini hape",2021-05-04T07:48:05Z,0
@jogyu30,"Harga pas, Spek pas, tinggal pas-in budget aja nih, mohon restunya pertengahan bulan bisa beli A52 Awesome black",2021-05-04T07:46:01Z,0
@Michael-ru2vo,"A52 memang mantap, hape mid range yang mengembalikan kodratnya sebagai hape flagship wanna be, dari spek dan desain chakepp",2021-05-04T07:43:55Z,3
@muhammadhibban3146,"jangan lupa cuci tangan ❌
jangan lupa cuci hp✔️",2021-05-04T07:15:05Z,1
@akitajr1771,bang a52 itu bukannya udah 5G ya bang ?,2021-05-04T07:05:57Z,0
@hilmynabilrifai,Kan pake 720G yang 5G ga masuk indo,2021-05-06T02:22:42Z,0
@akitajr1771,@hilmynabilrifai oh gituu,2021-05-06T02:30:32Z,0
@opansuhendar3018,Mantap om,2021-05-04T06:59:55Z,0
@danieldecfrezermanullang6774,Wah bang arbi ni hahahaha,2021-05-04T06:30:21Z,0
@alexkurniawan9615,Mantp,2021-05-04T06:29:28Z,1
@riskanugraha4384,"Sudah gak sabar pingin lebaran
Yg setuju like",2021-05-04T06:28:40Z,1
@abelbimawiratama1274,mending yang 5G atau ini  ya ?,2021-05-04T06:24:00Z,0
@renata-wh6yn,Coba di cek saldo rekening nya cukup buat beli yang mana..itulah pilihan terbaik nya,2021-05-05T05:32:32Z,0
@muhammadsyafii8372,Pejuang nunggu notif dapat rezeki,2021-05-04T06:21:49Z,1
@miftakhulchanel143,Keren,2021-05-04T06:14:38Z,0
@aanmaris2111,Tumben telat bang,2021-05-04T05:57:49Z,0
@rendiaprianzyah5193,Nice,2021-05-04T05:49:02Z,0
@ihsan.alwafi_8508,Mantap bener,2021-05-04T05:29:40Z,0
@rozikinasyraaf6686,"Desain kameran standad negbosenin..ga kaya xiaomi atau huawei..
emg ga bisa apa samsung bikin desain kamera yg bagus..
kaya samsung dulu.",2021-05-04T05:25:20Z,0
@geguppyan3577,Design top..,2021-05-04T05:20:49Z,0
@tentaphone5144,"Makin nambah bingung mau beli yang mana, apalagi duitnya belum ada kok nambah pusing ya 😑",2021-05-04T04:28:56Z,0
@yanfipryga1423,Good,2021-05-04T04:28:07Z,0
@ajibayuprasetyo9129,Tapi kepada casger bawaan  15watt,2021-05-04T04:01:44Z,0
@carissa_animation,gorontalo hadir,2021-05-04T04:00:56Z,0
@Dbasezy,Mantap,2021-05-04T03:55:49Z,0
@naufalrivaldi8212,Moga bisa punya nih hp,2021-05-04T03:48:21Z,0
@fliedify,"User A52, tapi gak berani rendam2 hp nya ini, sayang rasanya",2021-05-04T03:47:58Z,1
@mfadel1012,"Hahaha sama, dirawat baik2 aja lah ya bro",2021-05-05T11:24:08Z,0
@diazmaulana507,A5834236149 masukin kode tiktok litenya ngab,2021-05-04T03:43:33Z,0
@_muhammadnurrohim,"""Jebret.. wih.. mantap..""",2021-05-04T03:22:37Z,0
@ilhamnurrizkiyana17,Hadir om,2021-05-04T03:21:10Z,1
@tertawaituberkah7065,Pengenn,2021-05-04T03:12:49Z,0
@ibnuhafid8793,Kalo hp 7 jutaan sd8 ke atas tahan air apa ya,2021-05-04T03:08:24Z,0
@miahkasmiah3417,bang gifawy hp yang ke 3 buat lebaran,2021-05-04T02:51:30Z,0
@ahmad_0442,Hanya bisa melihat:(,2021-05-04T02:49:30Z,1
@amadamaulana0863,Ntuh hp yang di pengenin😀,2021-05-04T02:36:15Z,0
@arsport_,Hanya bisa bayangin tuh hp,2021-05-04T02:31:56Z,1
@idrismasrukhii,Nunggu harganya jadi 3 jutaan :v,2021-05-04T02:30:54Z,0
@totowidianto1237,Mantul,2021-05-04T02:23:37Z,0
@alimmisbah3547,__________________________________________________________,2021-05-04T01:52:18Z,1
@pendiriyanto3498,profesor gadjet nya mana :v,2021-05-04T01:45:20Z,0
@justplayplay7092,A52 buat game fpsnya sering drop,2021-05-04T01:43:22Z,0
@hermawanyulianto8059,Smua utuber review a52 barengan wkkwk.. aneh,2021-05-04T01:40:11Z,0
@corelirik7686,"kok hasil videonya pucat ya,,truss masih getar2,,,",2021-05-04T01:28:34Z,0
@moehar-rohman,"SEMINGGU LAGI LEBARAN
""MOHON MAAF LAHIR BATIN"" BUAT YANG BACA",2021-05-04T01:18:44Z,8
@asbarmide9631,Dgn ucapan yg sama 🙏,2021-05-06T01:46:41Z,0
@muhdiquanrahman1157,Saya nasib tak baik baru beli 2minggu pakai samsung galaxy a52 saya screen dah problem😢,2021-05-04T01:14:38Z,0
@ALFANDYZZ,Touchscreen nya kena ya bang,2021-05-06T11:43:40Z,0
@davidjuliana3489,"Lebih sering dong bang upload nya😁,soalnya kalo YouTube abaang jarang upload bosen😁",2021-05-04T00:50:29Z,0
@raviiiaditya,"Bang, saran aja. Judul keknya mending gak usah emot, biar kesannya gak alay dan lebih rapi :)",2021-05-04T00:37:22Z,0
@akunkhususgame1874,✋,2021-05-04T00:21:41Z,0
@zulfines850,Mantap....,2021-05-04T00:18:25Z,0
@hernanfitra5724,"Gx terasa baru kemarin puasa udah mau lebaran aj,",2021-05-04T00:04:38Z,0
@ryan_the_collector,J2 Primer.. oh:'),2021-05-03T23:54:27Z,3
@h3h-z8w,Semangat Bang 💪,2021-05-03T23:39:09Z,0
@arifatussyofiyah5044,A series yang kembali ke habitatnya,2021-05-03T23:32:37Z,0
@abij.r2927,Ntapss kren abiss,2021-05-03T23:31:00Z,0
@adittyasupriatna2221,"Unboxing hp infinix hot 10s

Yang setuju like 👍",2021-05-03T23:27:29Z,1
@babanggaming3428,Mantap om...,2021-05-03T23:03:36Z,0
@Rio_Revanando,Kabar nya yg A52 5G udh mau Louncing ya MIN,2021-05-03T23:01:05Z,0
@nabilaadel,SUKSES SELALU AKAK,2021-05-03T22:56:01Z,0
@muhammadyacob4238,alhamdulillah dpt second 37,2021-05-03T22:53:38Z,0
@Johan2216.,Bang review dan unboxing narzo 20 bang,2021-05-03T22:52:37Z,0
@nurzamiatulhairina571,keren,2021-05-03T22:40:02Z,0
@dsrautocareindonesia3504,Dari Young 1 duly... sampai sekarang.samsung mungkin,2021-05-03T22:35:31Z,0
@fansky73,Semoga yang baca komentar ini diberi kesehatan dan rezeki,2021-05-03T22:24:49Z,2
@aufaal8042,Hadir,2021-05-03T22:18:35Z,0
@rezaandikapratama2543,Good,2021-05-03T22:17:35Z,0
@temperacing8294,Hadir banggg,2021-05-03T22:17:13Z,0
@wildanfauzi_0245,Mantap banget bang hp nyaaa 😻,2021-05-03T22:14:56Z,0
@indrasaputra5791,Panjang umur untuk orang orang baik,2021-05-03T22:14:33Z,1
@stevandb7903,Baru buka youtub eh lngsung muncul di branda ya udh langsung otw klik😁,2021-05-03T22:09:25Z,1
@huriya_,Mantab 👍,2021-05-03T22:06:03Z,0
@refanggaazqa794,Mantap,2021-05-03T21:55:27Z,1
@novinovita9924,Keren ya borr,2021-05-03T21:50:24Z,0
@fuadazqiaya,Ni hp kayaknya kena kill juga dari poco f3😀,2021-05-03T21:47:45Z,0
@drrambu4568,Beberapa kali ga dilihat ga dapet.. tetep semangat saya kak,2021-05-03T21:44:25Z,0
@celanaalpin,"Aman dari debu.??
Noh di group ada yang jamuran..",2021-05-03T21:39:54Z,0
@tripledoubleyou,"Design depan nya sih masih sama kaya A51 tapi belakangnya kaya S21, bedanya lagi kalo A51 pake Exynos kalo A52 pake snapdragon 
👍👍👍",2021-05-03T21:33:16Z,1
@aldiandrynt6201,"Para pecinta samsung pasti beli karena harga sama performa yang bener"" bagus",2021-05-03T21:23:09Z,5
@rifkiaziz5439,Kapan Pengumuman giveaway ke 2 nya bang?,2021-05-03T21:19:58Z,0
@primadanny5341,A72 nya om 🔥🔥🔥,2021-05-03T21:15:06Z,2
@lengkisubagya994,Sehat selalu bang mudah mudah makin maju,2021-05-03T21:10:27Z,1
@rikodesta1969,Alhamdulilah sebentar lali lebaran😍,2021-05-03T21:09:31Z,1
@salmannation6240,Hadir hadir,2021-05-03T20:54:39Z,0
@muhammadrivanmulyana5416,Mau Tidak Mau Tidak😋😇😇,2021-05-03T20:48:07Z,0
@kurniasandi8961,Wow,2021-05-03T20:44:52Z,0
@kurniasandi8961,Wow,2021-05-03T20:43:44Z,0
@fad3073,👍🏻👍🏻👍🏻,2021-05-03T20:37:38Z,0
@aminlatifah6337,banyak yang bilang body belakangnya ringkih.. apa benar?,2021-05-03T20:36:51Z,0
@mhmmdhhidayattullah,Bismillah semoga habis lebaran bisa ganti handphone,2021-05-03T20:34:53Z,0
@baniismail4368,Hadir,2021-05-03T20:31:32Z,0
@baniismail4368,Hdir,2021-05-03T20:31:25Z,0
@muhammadfathulmuslim1037,Lebaran,2021-05-03T20:25:02Z,0
@bangonox1555,Hadiiirrrrr ngap,2021-05-03T20:19:38Z,0
@anutidakbae7480,fuck lah giveaway nya,2021-05-03T20:16:12Z,0
@ekasuhendra4610,Sahure sahure,2021-05-03T20:13:27Z,0
@robyfirm21,Produk samsung emang top,2021-05-03T20:12:05Z,0
@agungsetiawnn5257,Mantap 👍,2021-05-03T20:08:01Z,0
@mazzayudha007,"Udah biasa tahan air om dhiar,, tahan api adakahhhhh😁😁",2021-05-03T19:31:08Z,1
@ramadhanaditya3745,"Kpan pnya smart hp yg bisa nyaman dipakai Buat game,!!!",2021-05-03T19:26:13Z,0
@putraramadhan3522,Gila si,2021-05-03T19:20:19Z,0
@fajaraminulloh,"gw kira gk dpet free case sama tempered glass, ternyata dikasih, dan belum 2 minggu pemakaian udh jatuh kesenggol :)",2021-05-03T19:05:16Z,1
@dearsinaga9689,Yg nonton video nya pake A52 kita 1 server 😁,2021-05-03T19:03:39Z,0
@junedd932,Udah pernah coba di celupin di air apa belom om,2021-07-11T03:13:54Z,0
@fajaraja6230,Gila performanya.,2021-05-03T18:45:19Z,0
@randyyfeb3751,"Dhiarcom selalu memberi informasi yg bermanfaat,MANTAP Dhiarcom👍👍",2021-05-03T18:33:31Z,0
@anggitws8473,"Beli baju sebelum lebaran ❌
Beli Samsung a52 sebelum lebaran✅",2021-05-03T18:30:21Z,0
@rendyputraarvil8655,Coment ke 500,2021-05-03T18:29:20Z,0
@Kalam_Pustaka,Suka tampilannya..,2021-05-03T18:20:59Z,0
@yzxrizal5488,Hadir,2021-05-03T18:20:15Z,0
@ibnu_2583,Bang bagusan pake topi keren👍,2021-05-03T18:17:10Z,0
@hambaallahtm7542,"SELAMAT MENUNAIKAN IBADAH PUASA 1442 HIJRIAH YANG KE 21 SEMOGA SEHAT SELALU
Samsung Galaxy A52 Indonesia,tahan air harga tergantung RAM 😗",2021-05-03T18:07:04Z,0
@adamkamil4631,Hadir bang...telat...tapi selalu pantengin channel ini ... review nya mantap.dan to the point.salam sukses dhiarcom,2021-05-03T18:04:58Z,0
@izulofficial09,Yo bisa trending,2021-05-03T18:02:28Z,1
@majelisbaniaitam,Hp impian ku,2021-05-03T18:01:52Z,0
@alanrompies1,Hanya bisa menonton beli mah gak bisa wkwkw curhat,2021-05-03T18:01:35Z,0
@oolsaputra23,hap hap hap,2021-05-03T17:59:25Z,0
@igindrabayu,Samsung udh mulai galak,2021-05-03T17:57:15Z,0
@baroklegend1851,Sip,2021-05-03T17:56:41Z,0
@kamalluddin5994,Hadir om 💜,2021-05-03T17:55:09Z,0
@bahulstyle9632,Semoga yang baca di beri rezeki,2021-05-03T17:51:22Z,0
@tr3tanz415,Mantap bang,2021-05-03T17:45:17Z,0
@london7722,Ratcun lagi aja 🤩,2021-05-03T17:44:38Z,0
@ftvgaming1463,"keren bg 
tapi uang yg kurang hhhh",2021-05-03T17:33:36Z,0
@ganteng9837,Kalo full sd30fps gerakannya lebih terasa ketimbang awal itu si yang pasti. Cuma kalo posisi objek aku setuju lebih suka yang kedua,2021-05-03T17:30:11Z,1
@BocilGaming-jh7dr,Gk sabar nugggu hasil give away bang dhiar,2021-05-03T17:29:04Z,0
@abankfaiz,mmang idaman tu hp...,2021-05-03T17:27:13Z,0
@makhluk_hidup0,telat aing,2021-05-03T17:21:48Z,1
@gi___no.27,Semoga gw bisa beli in scptnya 🙏🏻,2021-05-03T17:14:32Z,0
@ahmadrahmantanjung2702,Ntaps,2021-05-03T17:12:59Z,1
@rajasejahtera802,Alhamdulillah udah make samsung a52 😇,2021-05-03T16:58:18Z,1
@GKHVID,Maaf mau tanya kalo buat instastory hasilnya gmna ya,2021-05-10T04:18:52Z,1
@rajasejahtera802,@GKHVID bagus2 aja kok kak..       kayak samsung pada umum nya 😁,2021-05-11T22:46:17Z,0
@muhamadhuda6687,Itulah yang kita semua inginkan bang😂,2021-05-03T16:53:14Z,1
@ceritapendek-m5f,😁,2021-05-03T16:52:12Z,0
@randaselah1656,Wah mantap ini mah buat diair 😅😅,2021-05-03T16:49:46Z,0
@ramasetiyawan7734,pilih REALME 8 PRO,2021-05-03T16:48:37Z,0
@revolverix2597,Hdr,2021-05-03T16:47:55Z,0
@evalina6016,"Gak nyesel, asli... apalagi kalau dapat dari Giveaway ny om.Batman😍😍😍",2021-05-03T16:46:37Z,0
@Dng-is3ph,Udah ready di offline ya bang,2021-05-03T16:44:40Z,0
@satriap3126,🎉BE YOURSELF AND NEVER SURENDER succes omdhiar and family BE HEALTY AND SOSIAL DISTENCING jangan lupa sholat 5waktu,2021-05-03T16:41:23Z,0
@fadliyanuarardiansah,Ntap 👍,2021-05-03T16:33:30Z,0
@xx2perfect472,"Semoga selalu meberikan sesuatu yang bermanfaat kk, s",2021-05-03T16:30:38Z,0
@petrussumarno6764,Kapan punya hp baru😀,2021-05-03T16:29:22Z,0
@andreandri4052,"Kaum mending ketika mendengar 4 jutaan, ""MENDING POCO""",2021-05-03T16:21:53Z,2
@bangdeds6257,"harga ga pernah bohong bree
spek boleh biasa aja 
tp entah kenapa nilai jual samsung bukan di spek yang gahar aja",2021-05-03T16:46:57Z,0
@aryajuna1024,tetep samsung bre... mksdnya samsung selalu balance harga sama spesifikasi. desain body juga lebih mewah menurut gua ya palagi buat harga 4 jtan,2021-05-04T08:43:33Z,0
@ceriaachannel4827,Sehat sll😊💪,2021-05-03T16:19:49Z,0
@Bongolputra,Wow keren bingit nih om.,2021-05-03T16:19:09Z,0
@nijarprtm2105,Kerenn  parahhh,2021-05-03T16:18:12Z,0
@saryulis4956,Pilihan paling wort ut,2021-05-03T16:11:45Z,0
@Sankarea_,Cuman bisa melihat tapi tidak bisa memiliki 😂😂,2021-05-03T16:08:58Z,0
@moelodyayey6439,Heum😀,2021-05-03T16:08:58Z,0
@nnthaneyl,Om giveaway ramadhan ke-3 kapan?,2021-05-03T16:06:09Z,0
@DUKY024,Manisss,2021-05-03T16:02:20Z,0
@yoklaabel5710,ngayal dulu kali yakk;),2021-05-03T16:01:54Z,0
@menolaklaparasomethingjr9706,Bagus sekali,2021-05-03T16:01:40Z,0
@ssyudissyadi1524,Absen kuy 👋,2021-05-03T16:01:38Z,0
@masronny2606,Mending poco f3 sih,2021-05-03T15:56:38Z,0
@dimas_setiawan0742,Jadi pengen,2021-05-03T15:54:26Z,1
@fann4u-712,Bismillah ipon 12 pro max 😌,2021-05-03T15:52:54Z,0
@Dyo_Langgengg,"Samsung emng selalu adaaa ajaa itu ide ide kreatif buat bikin hp"" canggih, mungkin kedepannya bakalan bikin hp anti api:v
-hp anti aer udah √
-hp anti api belom x

cukp sekian terimakaseh

edit : i love u",2021-05-03T15:52:10Z,3
@FFZahwa_,"Semangat kerja supaya bisa beli hp impian amiin 
Nb. TUNDA DULU SENANG SENANG MU",2021-05-03T15:51:04Z,0
@echodech5544,"MARHABAN YA RAMADHAN,,,
slmt menjalankan ibadah puasa,selalu diberikan kelancaran dlm menjalankan & sgl urusan,,,
Samsung galaxy A 52 bnr2 mantul",2021-05-03T15:48:28Z,0
@pujisisoneto2435,Samsung memang punya kelas ...,2021-05-03T15:47:46Z,0
@ginardiraigara7151,Sehat selalu bang dhiar🙏,2021-05-03T15:43:04Z,2
@pubgku6183,UNTUK HARGA SEGITU MASIH RENDAH AMAT SPEKNYA,2021-05-03T15:40:50Z,0
@ilhamharditamaputra6496,Wihh mantap nih,2021-05-03T15:38:48Z,0
@zeeccnc3102,hadir bang dhiar,2021-05-03T15:38:42Z,0
@richie0501able,Sayang belum 5G biar ga ganti2 lagi kl 5G masuk Indonesia,2021-05-03T15:36:35Z,0
@adi_chanel2159,sayang nya samsung itu walaupun udah ada EIS dan gyro kestabilan rekaman video nya masih kalah sama hp dari merk sebelah. tapi ya karena ini merk samsung udah di nilai bagus sih,2021-05-03T15:33:04Z,3
@syarifuddin.arifin,Wahh keren mantapp banget ❤️❤️❤️,2021-05-03T15:31:54Z,0
@florenciaallona8001,"2 alasan nda jdi bli hp ini,,
1. fast charging 15 wat
2. hpx kliatan tebal, apa lgi d pakekan lgi hardcase, lempar kan kucing pinsan...
jdi mending lari k Poco F3, xiaomi",2021-05-03T15:31:30Z,0
@sivaerlangga2015,Bang riview tws yg terbaik di harga 100k sampe jutaan donk bang,2021-05-03T15:27:51Z,0
@rizqipratama8323,"Coba chipset nya SD 870 Auto buy




Tapi dunia tidak seindah itu",2021-05-03T15:25:44Z,0
@04andiaditya42,Review Infinix hot 10s om,2021-05-03T15:25:37Z,0
@chetahwns4380,Bikin ngiler cba klo dah kerja pasti dah gue beli itu mh,2021-05-03T15:25:08Z,0
@sivaerlangga2015,Semangat trs ngonten nya bang dhiar  biar bisa banyak pengetahuan hp hp baru,2021-05-03T15:23:22Z,0
@Jel_id,waduh keren banget ya jadi pengen kwkwkw,2021-05-03T15:23:12Z,0
@rfqsptnsyh,Iri nya aku waktu main hp nya ngelag,2021-05-03T15:23:06Z,2
@sarnisar6537,Keren hp nya om,2021-05-03T15:20:53Z,0
@vickyracing465,maap telat bang tapi selalu apsen kok👍,2021-05-03T15:20:47Z,1
@iambot6453,Nih hp bagus sih tapi ndak ada uang,2021-05-03T15:13:31Z,0
@muhamadrizki329,assalamulaikum,2021-05-03T15:10:54Z,1
@syarifudinbaharsyah480,Waalaikumsalam,2021-05-04T07:33:30Z,0
@musicalnusantara1329,Hadir,2021-05-03T15:06:18Z,0
@kemzarani9300,Palembang hadir🙏,2021-05-03T15:06:17Z,0
@sofyannudin4616,"Selamat malam bang, 
Sehat selalu bang",2021-05-03T15:03:03Z,1
@Mpekaryadi5507,Sehat selalu bang. Semoga sukses terus,2021-05-03T15:01:22Z,0
@hanum16,Absen bang👍,2021-05-03T15:00:47Z,0
@kusnancnong3361,"Hadir bang,walaupun telat....",2021-05-03T14:59:17Z,0
@choiyoung_joe3346,"Saya pilih box no. 3 dan no. 8
@joenardy_almakassary
Nama depan: Joe",2021-05-03T14:58:15Z,0
@Arifin-xq6iy,Lancar terus bang rezekinya,2021-05-03T14:57:13Z,4
@darkqueens6057,Bang hp bekas unboxing di jual nggak bang,2021-05-03T14:50:55Z,0
@izzybanget,Selalu hadir bang😀,2021-05-03T14:47:49Z,0
@evymeil,Likeee,2021-05-03T14:46:08Z,0
@m.riooo23,Mantap 🔥,2021-05-03T14:44:44Z,1
@haedarchannel4247,Gg,2021-05-03T14:44:35Z,0
@Task_Man07,Masih tetep di f3,2021-05-03T14:44:32Z,0
@mjalilal1559,assalamualaikum bang,2021-05-03T14:39:28Z,1
@europeanfootball1921,"Gua malah salfok sma latar pengambilan video nya.
Semoga gua dan yg baca komen ini bisa tinggal di apartment ² elit ky di video ini.",2021-05-03T14:37:36Z,2
@09rahasia,Tidak menyesal kalau tidak ada poco f3 🤭🤭,2021-05-03T14:37:01Z,0
@jokopurnomo249,Hadir om,2021-05-03T14:36:07Z,2
@imassmarlinah6193,Kaca kameranya gak bakal ber embun?,2021-05-03T14:30:49Z,1
@Akbarfao,Mantappp kalo punya sya masih kalah wpng j2 pro wkwkwkwk,2021-05-03T14:30:04Z,0
@karmin8445,Mantap lah,2021-05-03T14:25:07Z,0
@rio_meilana0749,Merk ini nih yang jarang muncul😂,2021-05-03T14:24:39Z,3
@muzz.lgaming9576,hadir,2021-05-03T14:23:48Z,0
@Esfandiarrahim,Nama backsoundnya ap om??,2021-05-03T14:21:31Z,0
@miftaanjy,Hadir,2021-05-03T14:20:23Z,0
@zyyyn05,Bg riview xiomi black shark,2021-05-03T14:19:01Z,0
@Ferdi_widianto91,Hadir👍👍👍👍,2021-05-03T14:16:08Z,0
@sigitpra4231,Pengin rasanya punya HP baru,2021-05-03T14:13:01Z,1
@zgzali8202,Mantap tuh .. nabung nabung,2021-05-03T14:12:36Z,0
@dikasptra9923,Bismillah lebaran tahun ini bisa ganti hape🙏😇,2021-05-03T14:11:01Z,1
@spanking1715,"Kok ytber bnyak yg bikin konten A52 hari ini?? Wkwkw krang laku apa gimana yah, Samsung sih trlalu pelit ama chipset yg di pake.",2021-05-03T14:11:00Z,0
@taupikandriprayoga7933,Bang smsung a52 sama oppo reno 5 bagus mana,2021-05-03T14:10:33Z,0
@muhammadyacob4238,camcung,2021-05-03T22:59:10Z,0
@setiyoutomo6414,M.tergoda🤑,2021-05-03T14:09:13Z,1
@Parikesit3,Hadir kang,2021-05-03T14:06:54Z,0
@tioadisaputra7824,Pengen beli,2021-05-03T14:05:23Z,0
@febri.fuadal178,Halu dulu boleh ya,2021-05-03T14:04:40Z,1
@Why_Gie,Cmn bisa menyimak 😁,2021-05-03T14:00:19Z,1
@agungeko1436,Adu Sama poco f3 bang,2021-05-03T14:00:00Z,0
@gungungunawan3640,Bismillah tahun ini bisa kebeli hp ini aamiin,2021-05-03T13:58:20Z,0
@MohYadi-ht2mx,hadir bng,2021-05-03T13:57:43Z,0
@emensha1440,Ntaps 🔥,2021-05-03T13:57:24Z,1
@royanboby9650,Allahumma sholli 'ala Muhammad wa 'ala ali Muhammad,2021-05-03T13:55:47Z,0
@akhyargunawan,sebenarnya masih pengen nabung tp asus zen3 ane udah mulai ga bersahabat memonya 😅 pengen nimang ini dah,2021-05-03T13:53:40Z,0
@ryanhabibi8430,"Om dhiar Aku mau dong hp nya soalnya hp aku kentang banget. Hari baru, hp baru. 😭😭😭😭",2021-05-03T13:52:50Z,0
@Inisial_f_2901,Bagus mana sama reno 5..?,2021-05-03T13:52:02Z,0
@renata-wh6yn,"Jauh bagusan ini...reno 5 cuma menang fast charging, video depan belakang bersamaan dan prosesor lebih gede dikit yg gak significant...",2021-05-05T05:41:49Z,0
@eruuasto2038,Samsung impian,2021-05-03T13:51:40Z,0
@spoilerr3665,"Selamat menunaikan ibadah puasa 
Salam toleransi 🙏",2021-05-03T13:51:40Z,1
@sonibae19207,Semangat Bang 💪,2021-05-03T13:50:44Z,0
@NaviBlue1,"""Semoga yang baca rezekinya di lancara kan aamiin,semangat guys lebaran sebentar lagi..""",2021-05-03T13:50:01Z,21
@yuniarlimarjoena4478,Aamiin,2021-05-06T16:40:52Z,0
@NaviBlue1,"""Halo guys semoga kalian sehat selalu dan lancar puasanya ya..""",2021-05-03T13:48:44Z,1
@akao3359,Hadir,2021-05-03T13:48:15Z,0
@ppphy1,Semoga aja kita semua bisa memiliki hp di vidio itu amin,2021-05-03T13:47:28Z,0
@ridhamuhammadd,"Ini bukan masalah mahal apa tidaknya om, tapi gapunya duit aja wkwkwk gaada brand yang mahal semua sama aja uang aja yang gak ada dan akhirnya kita menjadi kaum mendang mendong mending . . .",2021-05-03T13:46:45Z,0
@ariefachmadf2596,Dah lah,2021-05-03T13:46:36Z,0
@acenggaming5768,"Ote 2 juta subs om
Cpat berkembang chanelnya :)",2021-05-03T13:45:47Z,1
@AV8-e5b,"Gua dari masa depan 

Dan dhiarcom sudah 2 juta subs di masa ini :v",2021-12-11T14:00:49Z,0
@fahrizald9204,"Menarik,,, tapi spesifikasi uwuww",2021-05-03T13:45:32Z,0
@RyanZID,Jangan lupa bang! OIS,2021-05-03T13:40:53Z,0
@katakatakitadotid,Uh marai ngiler wkwk,2021-05-03T13:40:37Z,1
@RyanZID,Akhirnya yg ditunggu tunggu !,2021-05-03T13:38:57Z,3
@irpanrosandi9960,Kalo ada rejeki pas bgt buat ngebid kalo pas hujan dapet orderan ga perlu cari teduhan kalo pas dapet orderan udah tahan air,2021-05-03T13:38:27Z,0
@Andikhaidir,Kaum mendang mending???:v,2021-05-03T13:37:55Z,1
@sugengprahasta5284,"Naizzz, Keren & Bisa Selulupan Lagi 👍👍👍. 
Semoga Selalu Diperlacar Segala Urusannya, Lancar Rezekinya & Semoga Sukses Selalu Om & Tim Untuk Kedepannya 🙏🤝🙏.",2021-05-03T13:37:24Z,4
@fansmadrid3288,Datang sebab ada di beranda SUBCRAIBER sebab ingin mendapatkan hadiah nya siapa lagi kalo bukan saya😎😎😎😎,2021-05-03T13:37:10Z,0
@pay5322,Semangat terus yak puasa nya👍👍👍😁,2021-05-03T13:36:10Z,1
@yakuzazaza4809,Cuba semua camera belakang tu letak 1jari persatu dkt camera tu pasti 1 camera ja yg boleh guna kn..,2021-05-03T13:31:56Z,0
@hafidzmuaziz,Ntah ngapa kok gw kurang suka ama ini orang gw lebih suka ama bang dhiar:v,2021-05-03T13:30:44Z,1
@saniadw,top markotop,2021-05-03T13:29:58Z,0
@J41dzghyi,"Mending poco X3 pro , eh 🗿🗿🗿",2021-05-03T13:29:12Z,0
@lutfi0496,Sukses Bang,2021-05-03T13:27:53Z,0
@rispainitanjung9794,Semoga bisa punya hp seperti itu aamiin,2021-05-03T13:27:21Z,0
@halimsetiadi296,"Apa cuma gua si yang suka nonton orang reviev hp , krn  blm bisa beli hp baru :'(",2021-05-03T13:26:49Z,35
@pubgku6183,Iya kayaknya cuma kau aja ngab,2021-05-03T15:37:16Z,0
@halimsetiadi296,@pubgku6183 iya om,2021-05-03T15:42:11Z,0
@asbarmide9631,"Sama, sya juga suka lihat padahal blm beli2 tpi untungnya slalu nntong riview bgini ktika sdh ada duit kan tinggal beli ngg mikir soal cipset perporma layar dan baterai",2021-05-06T01:45:39Z,0
@halimsetiadi296,@asbarmide9631 nah betul itu 😂,2021-05-06T01:52:26Z,0
@asbarmide9631,Sama sbelum saya beli hp yg sya pkai skarang lama sya slalu nnton review dlu dri bbrapa viewes hp baru mantapin hati buat beli krn udah tau kelebihan kekurangan performa sma kualitas barang nx,2021-05-06T06:02:06Z,0
@sfneesan6079,"gaes gw nanya nih buat gaming lebih bagusan mana?
Samsung A52/Redmi note 10 pro?",2021-05-03T13:25:18Z,0
@dewa_clar7396,rog5 bang,2021-09-17T07:42:32Z,0
@sfneesan6079,@dewa_clar7396 GW SERIUSS KONTO,2021-09-17T09:03:17Z,0
@agunherdian1062,Hadir om,2021-05-03T13:24:35Z,2
@nuraini5642,1 jam lalu masih hangat,2021-05-03T13:24:18Z,0
@frankirdiansyahno-3617,Hadir bng,2021-05-03T13:23:33Z,0
@rizkysaputra3266,Pengen sebenarnya mah beli😂 tapi ya gitu lah😂,2021-05-03T13:23:19Z,0
@saidahhalfiyah,keren ka🤩🤩,2021-05-03T13:23:05Z,1
@zann9785,"sya ikut give away 
sya pilih box no. 4 dan 6
IG:amelianti2004
nama depan:achmad",2021-05-03T13:22:54Z,0
@dedewahdanie2970,keren omm,2021-05-03T13:22:15Z,1
@dendykp,semoga kebeli lebaran,2021-05-03T13:22:07Z,0
@LeananSidhe16,Anjay tahan air,2021-05-03T13:21:07Z,0
@MuhammadAzka2210,1:27 jantung ku kagettt,2021-05-03T13:20:47Z,3
@andrisubakti9649,PANTAU TRUS LIKE DAN TONTON SAMPE HABIS DEMI DAPAT GIVEWEY:🙏😊,2021-05-03T13:19:10Z,0
@viruz_an8791,Ini suara nya siapa om? Anak magang ya😂,2021-05-03T13:19:01Z,0
@agusafrian1615,Hp ini seperti dia hanya bisa ku kagumi tanpa bisa memiliki ☹️,2021-05-03T13:18:03Z,0
@ndratw15,Mantap tu om 😁,2021-05-03T13:17:24Z,0
@gozoom24,Mantaaap!!,2021-05-03T13:16:08Z,0
@satriaperwira5526,Hadirr,2021-05-03T13:15:07Z,0
@FA-wn1se,Gak sanggup belinya😅,2021-05-03T13:15:01Z,0
@Dony2303,Hp realme 5 aja udah seneng gw apalagi hp Samsung A52 malah seneng kegirangan 🙂❤️,2021-05-03T13:14:29Z,12
@infoyt5364,User hp realme 5 pro belinya dulu dapet murah 2.4 sekarang harganya 2.7 😂,2021-06-11T23:16:33Z,0
@ichwanr792,Mau dong,2021-05-03T13:14:11Z,0
@ichwanr792,Mantap,2021-05-03T13:14:06Z,0
@goenes,Bang bandingin kamera A52 sama POCO F3,2021-05-03T13:13:53Z,0
@biji_kers1175,"Anti surrender
...
...
...
...
...
...

IG : atmaadiii_",2021-05-03T13:13:13Z,0
@rahimasaputri3514,"Semangattt terussss ommm!!
Smgg cpt mncpai 2 jt subs aamiin
Sukses sll omm
💪💪",2021-05-03T13:13:04Z,4
@probelem1861,Mending poco f3.,2021-05-03T13:12:12Z,0
@BangMiz,Somoga mas dhiarcom dan timnya sehat selalu dan saya mau nanya mas dhiarcomnya ke mana saya jadi penasaran tiba tiba gak nongol?? :),2021-05-03T13:12:02Z,0
@adipriya750,"Samsung a52 dan poco f3 lebih baik mana bang?
Lagi bingung, harganya sama..",2021-05-03T13:11:19Z,0
@immanuelchristian8676,Sesuai kebutuhan dan budget aja,2021-05-12T14:50:02Z,0
@AV8-e5b,"A52 sih karena spek nya merata, kalo lu gamer genshin kayaknya pocong F3 aja",2021-12-11T14:03:52Z,0
@amsalsiregar4264,Keren bgt,2021-05-03T13:10:43Z,0
@panjoelian,ini udh ditempelin screen protector dari sananya gasi om?😅,2021-05-03T13:10:40Z,0
@laelisa_,udah,2021-05-09T10:30:50Z,0
@valenn77,"From me is ""WORTH IT""",2021-05-03T13:10:20Z,0
@fahriskahilmi7991,Semoga bisa dpt give away,2021-05-03T13:09:09Z,0
@ferdiatdriyan25,Semoga kebeli wkwk,2021-05-03T13:08:54Z,0
@emerald6777,Mending a52 atau sekalian a72?,2021-05-03T13:08:37Z,1
@pintugaming8547,a72bro,2021-05-03T13:23:37Z,0
@plupumm,Bahas infinix hot 10s,2021-05-03T13:08:35Z,0
@tajulmuhammad3053,"saya pilih box no 8 dan 10,
Instagram:fanny_mpl123
nama depan:tajul",2021-05-03T13:08:09Z,0
@hisotaofficial4436,#MENDING_XIAOMI,2021-05-03T13:07:44Z,0
@nuriladkha,Review xiome k40 gaming edition dong om,2021-05-03T13:07:16Z,0
@Osachiryu,Buang review poco x3 pro,2021-05-03T13:06:42Z,0
@lukmangaminglukman1368,Otw 2M bang👍,2021-05-03T13:06:30Z,1
@Rakmal_defan11,Bang pengumuman give away nya kapan bang,2021-05-03T13:05:44Z,0
@bungassafaril,"Getaarrr nya kerasa di 60 fps.,ois seakan gimick doang 🗿",2021-05-03T13:05:36Z,0
@vidiolucubikinsehat,Samsung emang kerennnn,2021-05-03T13:05:09Z,0
@regalbramasta20,Masih nunggu versi 5G nya :(,2021-05-03T13:05:02Z,0
@gedearjun3670,Kapan rilis ?,2021-06-26T11:13:27Z,0
@jacobchandra9449,Ada mode manual utk camera ga? Shutter speed nya berapa detik ya,2021-05-03T13:03:07Z,0
@muhammadrenno9189,arbhi lagi,2021-05-03T13:03:05Z,0
@Al-muhlisin,Minus nyah cuma ga bisa beli😅,2021-05-03T13:01:27Z,1
@farhanahan9961,Om kapan pengumuman giveaway ramadhan yang ke 2 dah gak sabar😁semoga dapet amiiin,2021-05-03T13:00:04Z,0
@rian-cr8bb,hanya bisa melihat 😭🤲,2021-05-03T12:59:40Z,2
@tedi9559,Akhirnya Samsung sadar jg setelah mau TEWAS gara2 hp china.. ujung2nya ya bikin hp murah spek bagus.. kenapa ga dr dulu aja.. pake jaim..pake sombong ga mau bikin... Ampe gw terpaksa beli realme 7 pro..,2021-05-03T12:59:22Z,0
@samysumarab9663,Semoga sehat selalu buat bang Dhiar ada dimana siih kangen deh,2021-05-03T12:58:15Z,0
@najmi2607,Hadir om dari tegal jateng,2021-05-03T12:57:26Z,1
@DIMAS-jp2fv,Bismillah semoga selesai hari raya bisa beli hp baru aminn,2021-05-03T12:57:16Z,0
@fajria1693,Bang aku udh FOLOW tapi GK dapet giveaway ya😭😭,2021-05-03T12:57:12Z,1
@ahmadkamaludin9163,🤣🤣,2021-05-03T13:25:09Z,0
@fkurniawan941,Yahhh telat banget,2021-05-03T12:57:10Z,0
@nasikin_04tm31,Selalu  hadir walau bukan penonton pertama.,2021-05-03T12:56:22Z,0
@fajarisaarifin7026,Semoga tahun ini ke beli,2021-05-03T12:56:18Z,2
@masari9194,No.1&10😂 @kimi_n0_t0rik0,2021-05-03T12:56:12Z,0
@Kangngaplod,"Bentar lagi dah mau lebaran nih ""mohon maaf lahir dan batin""",2021-05-03T12:55:29Z,3
@justinchristiansinaga6829,Gg sih kekuatan tahan air nya 😨😨,2021-05-03T12:55:05Z,0
@abdullatip1593,Pulang terawih nonton ada notif,2021-05-03T12:54:17Z,0
@mochanchannel123,Pokoe q sllu on 24 jm heee,2021-05-03T12:53:12Z,2
@andienchanneltiktok7990,Mantapp banget👍👍,2021-05-03T12:52:46Z,1
@pabloo2245,Mantap,2021-05-03T12:52:42Z,0
@xtvnzxsi,Yang abis sholat tarawih mana nih??,2021-05-03T12:52:02Z,5
@DestraAmni,Pengen beli tp masih bnyk kebutuhana menjelang lebaran.. ada yg mau berbaik hati kasih saya hehe..,2021-05-03T12:51:52Z,0
@sioyenn6443,Hadir,2021-05-03T12:51:51Z,0
@heyyrofiq,"Apa cuman saya yang pengen beliin hp ortu walau pun yt sepi:(
Gwe bikin video susah buat record susah buat ngedit aja kgk bisa apa cuman saya? 

Makasih likenya:""Saya Sendiri:)""",2021-05-03T12:51:46Z,7
@RyanZID,Makanya kerja,2021-05-03T13:39:10Z,0
@heyyrofiq,@RyanZID Kerja gimana anjir gk ada yang beli,2021-05-03T14:17:10Z,0
@adiitart,Mantap tuh om,2021-05-03T12:51:40Z,0
@tarhapinatak.9810,CLBK = cuma liat beli kagak:(,2021-05-03T12:51:18Z,0
@fahrisimamora7546,😊😊,2021-05-03T12:50:47Z,0
@faturrohman9963,"Hadir nonton bang dhiarcom
Semangat terus bang...
Salam dari jogja",2021-05-03T12:50:28Z,0
@toniandriawan2690,Desain nya bagus banget sih beda sama yang lain,2021-05-03T12:49:53Z,1
@Wyp633,Bingung jir pilih a52/poco f3,2021-05-03T12:49:43Z,0
@sfdn_id2989,Hadirrr boyy,2021-05-03T12:49:38Z,1
@huseinsadam2573,"💜 assalamualaikum semuanya semoga sehat semua untuk subscribe nya DHIARCOM 💜💜💜 
Pokoknya sukses terus untuk semuanya",2021-05-03T12:49:36Z,3
@bintangputra8951,Ada kemungkinan ga ya a51 dapet update software supaya bisa ganti mode kamera pas lagi ngerekam gitu,2021-05-03T12:49:35Z,0
@nekogaming5295,Emmm aing comen😇,2021-05-03T12:48:51Z,0
@siva_kitty,Wow bagus,2021-05-03T12:48:03Z,0
@dakwahku7186,Makin cakep ajah,2021-05-03T12:47:08Z,0
@badaykecil816,kisaran 5.jta buat ngegame enak pake apa suhu?,2021-05-03T12:47:00Z,0
@ahmadkamaludin9163,Poco F3,2021-05-03T13:27:21Z,0
@devid1307,"Review nya mantap om dhiar jelas.....
👍👍👍",2021-05-03T12:46:58Z,2
@FFDRII,Cuman pengen menang giveaway 🙂,2021-05-03T12:46:25Z,0
@difytofficiall7834,Ntap,2021-05-03T12:46:20Z,5
@reviewchannelyoutube,Auto nontonn,2021-05-03T12:46:09Z,0
@xiagm-kemasmfadlic150,❤️❤️❤️❤️ sholawatin,2021-05-03T12:46:08Z,0
@babyomegaplusultra6978,"Wah penampilan nya keren cuy, mirip S21. Kepingin beli yg versi A72 tapi udah beli S21 Ultra, jadi ambil ini buad hadiah aja nanti, soalnya lagi persiapan buat Tablet S8+ juga 😁",2021-05-03T12:45:49Z,0
@agungsuryopratomo5631,Mifans mending Poco,2021-05-03T12:45:42Z,0
@blangkraanchannel7371,Hp idaman,2021-05-03T12:45:26Z,0
@pembururupiah8868,Hadir bang 👍,2021-05-03T12:45:08Z,0
@putraaditya6997,Wanjayy,2021-05-03T12:44:25Z,1
@rahmadbike,Bagus sih tapi samsung a12 saja sudah cukup buat keseharianku,2021-05-03T12:43:55Z,0
@bangta5473,Hp ku samsung jaringan H+😭,2021-05-03T12:43:46Z,0
@gustiyoga8697,Anti 💦,2021-05-03T12:43:40Z,0
@ellen1179,Bingung pilih ini apa f3,2021-05-03T12:43:12Z,0
@eawpagerau9615,Seandainya bisa tukar tambah sama vivo 20 se ku😂😂,2021-05-03T12:43:07Z,0
@destadwisabila560,Semoga cepet 2 jt subscribe aamiin,2021-05-03T12:42:30Z,1
@jovialamin3837,"Kayaknya Samsung galaxy A52 worth it nih, jadi pengen beli.",2021-05-03T12:42:12Z,0
@mfadel1012,"Worth it bgt, buat long term cocok",2021-05-05T11:25:20Z,1
@geboyy123,"Hadir slalu...
Mksh review nya ..jdi LBH paham..smga sekali2 dpt ..untuk anak daring..😂😂
Iq. priyono_oki
Sukses dan mkin ajib channel nya..josss ..💪",2021-05-03T12:41:53Z,0
@indramaulana878,bagus wkwk hpnya,2021-05-03T12:41:36Z,0
@muhammadsyaifuddinahmad8069,Bismillahirrahmanirrahim,2021-05-03T12:41:11Z,1
@06_dimasronisiahaan27,1:37 Gila sihhh...Mandi Sama Main No Problemm,2021-05-03T12:40:42Z,5
@akjchannel5301,Cuma bisa melihat tidak bisa membeli😭,2021-05-03T12:40:38Z,0
@farisgaming3141,Bang coba bikin video laptop yang recomended menurut abang,2021-05-03T12:40:36Z,3
@susantosusanto4393,Waw hpnya para sultan 😂😂,2021-05-03T12:40:28Z,0
@rangkupanfilmgratis5938,Aduh jd pengen..,2021-05-03T12:40:15Z,1
@ismaanggerpambayunadiputra4613,vs in poco f3 kan sama2 5 jt tuh bang,2021-05-03T12:39:56Z,0
@ploynihap8881,mudah2an gw bisa kebeli dan semua org yg pngn bisa kebeli jg,2021-05-03T12:39:53Z,0
@Menantuidaman272,Keren nihh bwat thran adiku otw beli ini mah,2021-05-03T12:39:37Z,0
@y.danararya6976,keren🔥,2021-05-03T12:39:19Z,1
@abdillahlutfiarfiansyah1231,Koko yg review spek bang dhiar yg review kamera 😂😂😂,2021-05-03T12:39:16Z,1
@Kntl125,Kemahalan dibanding kompetitor,2021-05-03T12:38:32Z,0
@m.danielmanantah1130,smg thn depan bisa ganti hp baru amiinn🙏,2021-05-03T12:36:51Z,0
@prayogaramadhan48,Telat 16 menit,2021-05-03T12:36:50Z,0
@hanivvandora1743,cuma bwa melihat,2021-05-03T12:36:20Z,0
@muhammadg8589,mantap om,2021-05-03T12:35:51Z,0
@muhammaddahlan1200,👍👍,2021-05-03T12:35:13Z,0
@BayyMotivation77,Spesifikasi di atas kertas kamera belakangnya ada OIS tpi pas di tes om dhiar di resolusi 1080p 60fps udah banyak getaran dan nggak stabil😴,2021-05-03T12:34:16Z,0
@zerozerofour118,"Cuman lihat doang tapi enggak beli kalian satu server dengan saya
👇",2021-05-03T12:33:56Z,1
@andhawiwin,KAsihan 🤣,2021-06-29T01:24:13Z,0
@gryffinix,Yahahha snap 700 😂,2021-05-03T12:33:54Z,0
@umairvlogs5376,How can I get one,2021-05-03T12:33:34Z,0
@dimardee8424,"Ya Allah pengen, semoga ada rezekinya amin",2021-05-03T12:33:12Z,0
@wendysaputra2553,otw subrekk 2 jeti,2021-05-03T12:33:07Z,3
@alfianpangeran672,Wadidawww mimpiin aja dulu,2021-05-03T12:33:02Z,0
@amirudinfadli6943,Tadi saya beli 5.250 / 256 gb.,2021-05-03T12:32:51Z,0
@rayhan9020,Awesome,2021-05-03T12:32:50Z,1
@mangkaykun5907,Dapat Notif Langsung Meluncur.,2021-05-03T12:32:41Z,3
@deta5809,"Bang hp ya jelek mending buat aku aja 
@bocah_bot
@2456_betta",2021-05-03T12:32:38Z,0
@ajikage88,"Ngiler, tapi THR Habis,",2021-05-03T12:32:30Z,0
@gunawan98-s7t,Memandangi aja sudah cukup,2021-05-03T12:32:06Z,0
@royyanhabibi1542,di siram pake air ga tuh,2021-05-03T12:32:05Z,0
@channelmruchihaobito7863,Waw hape nya bagus banget,2021-05-03T12:31:37Z,0
@ahmadTarmezi,matull om,2021-05-03T12:31:17Z,0
@PemudaIslam1000,KEREN BANGET YA HP NYA 👍👍👍,2021-05-03T12:30:50Z,0
@ahmadsulton8749,"Kenapa kalau konten giveaway comentnya banyak
Kalau konten biasa comentnya sedikit",2021-05-03T12:30:50Z,0
@ahmadjuliansyah2637,Semoga bisa punya hp kayak gitu,2021-05-03T12:30:49Z,0
@Bangib.,"Bissmillah
Nyimak dulu, 😊",2021-05-03T12:30:03Z,0
@danielmananta7939,guw nyimakk aja yg pakai j2 prime😊,2021-05-03T12:29:58Z,0
@sobatff1059,9 menit lalu,2021-05-03T12:29:50Z,0
@nenengatalia1694,bang review redmi k40 gaming edition yang bruce lee warna kuning keren,2021-05-03T12:29:10Z,0
@Revannn.,Abang saya samsung a72,2021-05-03T12:28:58Z,0
@KyouiXGaminG,Semangat om dhiar,2021-05-03T12:28:53Z,0
@Masterr_Video,"Tp ada hal kecil yg mungkin sebagian orang itu penting adalah jenis SIM Trey nya yg hybrid ( SIM 1+SIM 2/micro SD) bukan yg triple slot 2 nano SIM + micro SD
Kalo orang yg make 2 SIM sekaligus dan butuh memori yg lumayan gede agak kurang ya walaupun udah 128gb",2021-05-03T12:28:45Z,0
@ahmadkamaludin9163,Ada varian 8/256 GB,2021-05-03T13:29:22Z,0
@Masterr_Video,@ahmadkamaludin9163 iya tau tp ada tipe orang yg make 2 SIM sekaligus + micro-sd tp kalo hp nya type hybrid jadi harus korbanin salah satunya,2021-05-03T21:34:24Z,0
@fuadaad4306,Mantap,2021-05-03T12:28:39Z,1
@nederlandschkat,"Budayakan bilangnya Samsung 𝙂𝘼𝙇𝘼𝙓𝙔 ______ karena kata GALAXY itu merupakan seri HP dari Samsung, tanpa menyebutnya, sama saja seperti kalian bilang Apple 12 Pro Max. (seharusnya ada kata ""iPhone""-nya diantara APPLE dan PRO karena yang disebut adalah seri HP dari merek Apple)",2021-05-03T12:28:26Z,3
@femtokurnia99,Mantap,2021-05-03T12:28:23Z,1
@yogisaputra5350,Anti air hape nya ngap  keren banget,2021-05-03T12:28:07Z,0
@zakclip,Wowww,2021-05-03T12:27:55Z,0
@rajasarkas1708,Waduh 5 jutaan dapet hp gaming sangar mantap dah 👍🏻,2021-05-03T12:27:52Z,0
@pecinta2tak957,"klau untuk kaum anak gamers bukan pilihan tepat coy, beli aja asus ROG PHONE 2, atau lebih mahal lagi IPHONE Spek tinggi lagi,😂, klau samsung A52 Itu cocok untuk kaum petouring autodor perjalanan jauh tahan air menyelam, dan gojek, ini bukan hp anak² cuma duduk maen game tidur²an malas²an sangat gak cocok 😂",2021-05-31T13:16:01Z,0
@ajangahmad204,Yang gaada thr like cuy,2021-05-03T12:27:42Z,1
@goreoreeoo,Hadir,2021-05-03T12:27:42Z,1
@yoeree,Garut Hadir bang🙌,2021-05-03T12:27:40Z,1
@egihardiansah3249,Bingung krna ada poco f3,2021-05-03T12:27:18Z,1
@jokersmoke9455,Moga sehat selalu bang,2021-05-03T12:27:14Z,1
@dxhoonie,Hp idaman 😭,2021-05-03T12:27:07Z,1
@imgood4151,Masih anget nichh,2021-05-03T12:26:33Z,0
@franmanullang8100,Semoga lebaran ini bisa dapat atau beli. Amin 🙏🙏,2021-05-03T12:26:15Z,2
@arsandypratama3913,"Semoga yang nonton pakek hp kentang bisa menang Giveaway
.
.
Amin",2021-05-03T12:26:08Z,2
@arsandypratama3913,Saya juga amin,2021-05-03T12:26:15Z,0
@rikojasvero8353,"Hadirr, buat teman-teman sehat selalu yah dan semangat lebaran 9 hari lagi",2021-05-03T12:25:55Z,17
@gemmadganteng8115,Nah skrg komen kayak gini akan di gunakan oleh para hode kamvreg :>,2021-05-03T20:58:01Z,0
@rikojasvero8353,@gemmadganteng8115 🤷🤷,2021-05-04T10:00:38Z,0
@andhika0784,Impian dah bang hp samsung galaxy a52,2021-05-03T12:25:48Z,1
@mohyusufabdisaputra6586,👍👍👍👍👏,2021-05-03T12:25:38Z,0
@karyuuhokeen9770,"Bang kok hp nya bisa berdiri sih,",2021-05-03T12:25:37Z,1
@erlayoga4983,Semoga dapet yah ma,2021-05-03T12:25:36Z,0
@q-mackchannel2124,"Mudah""an dapat giveaway dari bang dhiar😁",2021-05-03T12:25:36Z,1
@benedictusjulian8213,"Wow , hadir bang",2021-05-03T12:25:19Z,1
@ekoheriirawan9531,Ntaps,2021-05-03T12:25:04Z,4
@bagasdhesta2985,Hadir ms dhiar 🙏🏻,2021-05-03T12:24:57Z,2
@wendysaputra9789,Sehat selalu om🙏,2021-05-03T12:24:49Z,4
@adjipurnama3480,Semangat puasa nya untuk yang menjalankan nya sebentar lagi lebaran semangat,2021-05-03T12:24:43Z,4
@Haesant_hai,"Lihat dulu,mumpung gratis., 😁",2021-05-03T12:24:30Z,0
@wijun2841,Wahh gilaaa,2021-05-03T12:24:22Z,0
@nellasari3778,Mantap,2021-05-03T12:24:21Z,0
@ancacuyy24,A72 di tunggu bng....😀,2021-05-03T12:24:21Z,10
@junedd932,Di daerah saya udah ada a72 harga 6jt,2021-07-11T03:10:40Z,0
@heriasikin2000,"Sampai ngak terawih dasar ""aku""",2021-05-03T12:24:10Z,0
@Fansmediachannel,Hanya bisa membayangkan punya hp bagus😂,2021-05-03T12:23:58Z,0
@yamyamanan,"Seperti biasa
CUMA BISA MELIHAT, MEMBAYANGKAN TANPA BISA MEMILIKI",2021-05-03T12:23:53Z,1
@anandaputrachannel,"Like ke 191.
Yang belum dapet giveaway dari bang @DHIARCOM semangat & jangan menyerah, jangan lupa berdo'a semoga dapet 😃",2021-05-03T12:23:53Z,5
@henipurwaningsih3940,Semangat om,2021-05-03T12:23:18Z,1
@achmaddzainury5722,Ada notif ga mikir lama buat nonton channel inspirasi ku🙏,2021-05-03T12:23:09Z,6
@AZIFITs,Ntap,2021-05-03T12:23:05Z,6
@bangmh5731,Sehat selalu bang bikin konten nya,2021-05-03T12:23:05Z,0
@firmanseweruhesirabae3745,"Hanya bisa melihat,belum bisa memiliki🙂",2021-05-03T12:23:04Z,0
@suasanadidesaa,"Bismillah semoga dapat ya Allah


Saya pilih box nomer 1 dan 5
IG:dimas_ardianto7
Nama:dimas",2021-05-03T12:22:57Z,2
@rdnshahid_,Salah serverr,2021-05-03T13:12:04Z,2
@ahmadkamaludin9163,"Disuruh di video mana, bikin disini",2021-05-03T13:28:58Z,1
@suasanadidesaa,gue kan komen ke 63 siapa tau dinotif disebelah dah rame,2021-05-03T13:31:27Z,0
@DD_1388,"Asliii,,, keceee,,, belum bisa punya,,  setidaknya bisa nonton... 😁",2021-05-03T12:22:47Z,1
@yonashaloho4582,Goks,2021-05-03T12:22:44Z,1
@KangRokhman,Ga taraweh om ?,2021-05-03T12:22:30Z,0
@GudangMusikCafee,Pasti nonton jam 19:22 nggak trawih🤣,2021-05-03T12:22:27Z,2
@gamingiyan,Assalamualaikum,2021-05-03T12:22:27Z,7
@ahmadefendi2320,Cuman bisa mimpi 😁,2021-05-03T12:22:26Z,1
@fazaofficial7765,1 menit 😁,2021-05-03T12:22:24Z,1
@APASAJA1705,Wah keren,2021-05-03T12:22:20Z,1
@yegamingchannel9751,yap 1 menit lalu,2021-05-03T12:22:19Z,0
@fadlinaga8479,Penonton setia,2021-05-03T12:22:18Z,0
@nuckydwiardian9315,Cuma bisa melihat,2021-05-03T12:22:14Z,0
@Goodboy.......2222,1 menit 😆😆,2021-05-03T12:22:14Z,1
@fatahillahpratama1762,58 detik yg lalu,2021-05-03T12:22:06Z,0
@acmalman2636,Sukses selalu om,2021-05-03T12:22:03Z,1
@aunur0908,🤙❤🤙❤🤙❤🤙,2021-05-03T12:21:57Z,1
@nurrofiq0908,🤘🔥🤘🔥🤘🔥🤘,2021-05-03T12:21:57Z,0
@zorafawwazfirjatullah3432,Mantap sukses terus bang👍,2021-05-03T12:21:53Z,2
@natawww6274,Mantap,2021-05-03T12:21:53Z,0
@udinfachruddin5835,Mantep bang semoga sukses bang,2021-05-03T12:21:48Z,1
@diandeltabox7406,Mantap mantap hp nya. Kirim ke rumah aku 😊,2021-05-03T12:21:47Z,2
@sk_hidayah6916,"Ketika om dhiar masuk notip, langsung gass",2021-05-03T12:21:42Z,3
@gibran11cogan42,INI YANG DITUNGGU TUNGGU AKHIRNYA,2021-05-03T12:21:41Z,16
@ahmadtarmezi4284,Wiih keren bangett😍,2021-05-03T12:21:40Z,4
@stayforand3216,CUMAN BISA MELIHAT TIDAK BISA MEMILIKI 😭😭,2021-05-03T12:21:39Z,114
@muhamadagusagus8497,Sama,2021-05-03T12:23:13Z,2
@andinugroho9587,Nabung dulu bt beli....,2021-05-03T12:24:50Z,4
@dajjalarmilus3370,Youtube bukan tempat buat adu nasib,2021-05-03T12:28:08Z,4
@susantosusanto4393,Sama 😂😂,2021-05-03T12:41:07Z,2
@ramdansolehsukasolat,Mending milikin aku lbih berharga dri hp ini,2021-05-03T12:42:09Z,2
@kamilaputri2455,Mao beli gak punya duwit,2021-05-03T12:21:37Z,1
@Dedegus,"Ingin, tapiiiiii",2021-05-03T12:21:32Z,1
@malikwae0120,Daripada hp yang habis di review nganggur mending kasih ke saya aja bang,2021-05-03T12:21:26Z,1
@reyhan_project9786,Absen bang😊,2021-05-03T12:21:23Z,6
@thisisqan3396,Dahlah,2021-05-03T12:21:22Z,1
@thisisqan3396,"Hp ku aj masih kemtang , gimana mau jadi youtuber",2021-05-03T12:39:28Z,0
@DD_1388,"Bismillah..
Sulteng Hadir bang 😊",2021-05-03T12:21:17Z,0
@Diaz-iv5pp,"Lah? Yg Nonton 6 yg komen 57?
Yang like juga 110
Yg dislike 2",2021-05-03T12:21:16Z,1
@riuolow,"Lagi denger musik nongol notif diharcom, auto click 😂",2021-05-03T12:21:16Z,9
@wakhid6089,masa🤣,2021-05-03T12:52:49Z,0
@sayanama150,@wakhid6089 masa 2,2021-05-04T21:34:06Z,0
@pecintasuarahewan6885,Masak 3,2021-05-05T06:22:12Z,0
@riuolow,lol 😂,2021-05-05T06:36:58Z,1
@borutod8131,Bang hp geming xiomi 3jt an bang pliss🙏,2021-05-03T12:21:15Z,3
@rajasarkas1708,"Xiaomi apa dulu nih
Yang 3 jutaan banyak
Ada mi note 8 pro 
Poco x3 NFC
Mi note 9T
Mi note 9 pro",2021-05-03T12:29:30Z,0
@liemonn.2401,Hp gaming 2jutaan ada ga wkwk list,2021-05-03T12:39:37Z,0
@borutod8131,@rajasarkas1708 siapatau mau ngerifiu semua hp xiomi 3jtan bang yang buat ngegem pubg grafik hd dan buat main gensipek ga patah² kalok main 30mnt,2021-05-03T12:45:36Z,0
@borutod8131,@liemonn.2401 cari yang 3jt bang biar biasa ngibas gem pubg😂 hp gue Snapdragon nya ga nyame 700 buat main pubg ngefrem parah cuma main di erenjel 2x😂,2021-05-03T12:47:10Z,0
@liemonn.2401,"@borutod8131 2,5jtan ada ga yg bagus wkwk",2021-05-03T12:50:10Z,0
@hambaallah9054,Mau ngumpulin orang yg pas ada notifikasi langsung nonton 😊bismillah 2jt subscriber bg,2021-05-03T12:21:15Z,13
@gariskeras1988,Kerennnnn..kapan bisa punya hp kayak gitu,2021-05-03T12:21:09Z,0
@rehanofficial1409,Giveaway lagi bang,2021-05-03T12:21:08Z,0
@RONALDO-kh6qe,Nice,2021-05-03T12:21:08Z,1
@Moonlight-kg5uy,First bang😅,2021-05-03T12:21:07Z,0
@ikhsansetiansyha3431,Widih tahan air,2021-05-03T12:21:06Z,2
@fatahillahpratama1762,Pengumuman give away kapan bang🙏,2021-05-03T12:21:03Z,0
@liemonn.2401,"Pen beli ye,nabung dulu:)",2021-05-03T12:21:00Z,11
@mukleschanel,Sama vivo v21 bagus mana sih,2021-06-29T10:21:33Z,0
@nabilareshalnandabilabila2765,"SAYA SUKA SAMA HP NYA KARNA HP NYA LAYAR BESAR
IG:nabiladumdum",2021-05-03T12:20:55Z,0
@irfanwardana8506,Bang hp buat gemers apa ya bang?,2021-05-03T12:20:51Z,2
@emperorliandi4912,"Poco f3 recommended kalo cuma nyari chipsetnya doang. Harganya sama kaya a52 cuma kelebihannya chipsetnya lebih gahar sih. Dah itu doang kalo bener"" mau nyari hp gaming",2021-05-03T12:49:12Z,0
@brianrafa9359,HADIR,2021-05-03T12:20:50Z,4
@mfazrianrudy4219,Mabar pubg yuk,2021-05-03T12:55:11Z,1
@riantoirfani6281,Pengen punya tpi duit miris😂,2021-05-03T12:20:45Z,2
@agungtw5924,Pertama pin om,2021-05-03T12:20:44Z,7
@gilangfadzriramadhan9796,"Hadir om dhiar, semoga tahun ini dapet thr hp dari om dhiarcom, aamiin qobul shalawat terus",2021-05-03T12:20:44Z,1
@breakthelimit155,"first bismillh hp baru 
ig:indra_gunawan9364",2021-05-03T12:20:44Z,2
@anaknyapegawaiakhirat472,Give away nya kapan 😭,2021-05-03T12:20:43Z,1
@rahmatris4098,Pinnn,2021-05-03T12:20:41Z,2
@zevannn4143,24 detik,2021-05-03T12:20:40Z,1
@sendaprastya,Emang The best,2021-05-03T12:20:40Z,1
@vinakhalisa6916,"Mantap nih,yg abis dpt THR .ayo2",2021-05-03T12:20:40Z,4
@ff.misbah1948,"THR cmn dpt 500k ini 4,9jt kaya gmn mau beli Tuman.",2021-05-03T12:30:20Z,1
@vinakhalisa6916,"@ff.misbah1948 yg THR nya ga cukup ,jgn beli lahh ..kaya aq. Syukurin aj yg ad..hehhe. minimal 3-4th ganti hp nya",2021-05-03T12:35:35Z,1
@karromen,BG kpn umumin pemenang giveaway,2021-05-03T12:20:39Z,1
@headenjack4586,"Msh sepi
Mantap om",2021-05-03T12:20:39Z,1
@ibnuazizz9010,Waw,2021-05-03T12:20:38Z,1
@dhybae,Telat berapa detik nih?😂,2021-05-03T12:20:38Z,1
@mohammadilhamromadhon8309,Pertama bang,2021-05-03T12:20:33Z,1
@pramaganzz5330,"Yg nunggu gifuwe lagi 
👇Like like ya",2021-05-03T12:20:33Z,0
@shekki.3145,28 detik yang lalu 🔥,2021-05-03T12:20:32Z,9
@relaxmiku3477,Halo bang,2021-05-03T12:20:31Z,0
@mamenmancing,Pertama,2021-05-03T12:20:31Z,0
@rizqiramdhani3904,Jos,2021-05-03T12:20:30Z,0
@oedinrahman4655,"Hadir 
Dana 0857 7648 2649",2021-05-03T12:20:29Z,1
@mfh3789,❤️,2021-05-03T12:20:28Z,0
@rafievardra,Pengumuman gipeway nya blom kah?,2021-05-03T12:20:27Z,1
@denifebilesmana1632,Kayak nya belum aq juga nunguin sp yg menang,2021-05-03T13:37:32Z,0
@kusumaferdiansyah1621,HADIR BANG MALANG 🙏🏻,2021-05-03T12:20:27Z,7
@udsinar3260,Malang ndi bro,2021-07-17T08:04:59Z,2
@aldonascarpratamarh595,Aku bandulan rinio mampir tak kei kopi,2021-08-13T08:20:49Z,2
@kusumaferdiansyah1621,@udsinar3260 blimbing,2021-08-16T03:13:03Z,0
@ipik9955,Masih hangat,2021-05-03T12:20:26Z,1
@gilangpratama4634,Siapa yang ga taraweh yah?,2021-05-03T12:20:26Z,1
@oppa2892,Buat give away kang😂😂,2021-05-03T12:20:25Z,2
@muhammadyebi7941,"Sehat sehat selalu bang semoga keluarga bang di jauhkan dari marabahaya aminn Sukses selalu amin ya Robb 🤲🏻
@muhamadyebi",2021-05-03T12:20:24Z,1
@nejadhd420,Pertama om 😁,2021-05-03T12:20:24Z,1
@lordmemep8902,Huh ...,2021-05-03T12:20:23Z,0
@mohamadgunturpradana7887,Alhamdulillah nonton sambil pake A52,2021-05-03T12:20:23Z,0
@ocid4305,Semoga puasanya berkah semua,2021-05-03T12:20:23Z,1
@hardocesmd,Puasa doang sholat wajib jarang,2021-05-03T12:21:56Z,0
@krisna5189,Anjim lambat,2021-05-03T12:20:22Z,1
@Khemaldo,Ke 55,2021-05-03T12:20:22Z,0
@rendyyt.,keren omm,2021-05-03T12:20:21Z,1
@evilgaming9261,Halo om,2021-05-03T12:20:20Z,0
@hsjsisjwbwisb,Team gercep mana nih ❤️❤️❤️,2021-05-03T12:20:19Z,0
@jrsendan,HAI OM,2021-05-03T12:20:18Z,2
@kudagaming6038,Hadir bang,2021-05-03T12:20:17Z,0
@Danang-jw5vw,Sip,2021-05-03T12:20:16Z,0
@arid164,Bismillah first dapet hp note 9❤️,2021-05-03T12:20:16Z,1
@maulanasyahrul2454,🔥🔥🔥🔥,2021-05-03T12:20:16Z,0
@faiz4062,First Like pertama'Sehat selalu Om,2021-05-03T12:20:14Z,2
@hardyanpajero69,👍😎☕🍩.,2021-05-03T12:20:11Z,1
@Raihan_1672,First,2021-05-03T12:20:11Z,0
@wiragung9679,Pertama,2021-05-03T12:20:10Z,1
@Grok3005,Pertama kasi love bang,2021-05-03T12:20:09Z,0
@aridoblang630,Up,2021-05-03T12:20:09Z,0
@bertrandking6647,First,2021-05-03T12:20:08Z,1
@bagasrakhmadani6587,Ntap,2021-05-03T12:20:08Z,7
@yoyomoto8899,1,2021-05-03T12:20:04Z,1
@ffarfatt,Yang baca semoga kita selalu diberi kesehatan yah aamiin.,2021-05-03T12:20:04Z,17
@karyuuhokeen9770,"S I M I S ANAK BAIK YA SLLU MENDOAKAN
TAI",2021-05-03T12:24:31Z,2
@azharjahar5691,Aminn,2021-05-03T12:27:17Z,0
@ilfyaitgrstwywimc8736,iya om,2021-05-03T12:27:28Z,1
@rajasarkas1708,Hode,2021-05-03T12:28:05Z,0
@patthestar9329,Liat comment org Indonesia didoain mulu anjir,2021-05-03T12:30:54Z,0
@pelanpelanhidupofficial,Mantap,2021-05-03T12:20:02Z,0
